5g2xh,21.0,40.0,3109.46796
5g2xh,21.0,40.0,3123.32337
5g2xh,21.0,40.0,3129.56332
5g2xh,21.0,40.0,3135.80335
5g2xh,22.0,40.0,3142.05838
5g2xh,22.0,40.0,3148.28335
5g2xh,22.0,39.0,3157.05249
5g2xh,23.0,39.0,3168.34509
5g2xh,23.0,39.0,3178.30497
5g2xh,24.0,38.0,3216.17835
5g2xh,24.0,38.0,3220.84465
5g2xh,24.0,38.0,3227.48449
5g2xh,25.0,38.0,3239.18314
5g2xh,25.0,38.0,3245.85514
5g2xh,25.0,38.0,3250.04388
5g2xh,25.0,38.0,3259.21092
5g2xh,25.0,38.0,3265.88404
5g2xh,25.0,38.0,3272.52128
5g2xh,25.0,38.0,3284.22034
5g2xh,26.0,38.0,3288.92089
5g2xh,26.0,38.0,3298.09076
5g2xh,25.0,37.0,3309.81569
5g2xh,25.0,37.0,3318.57137
5g2xh,25.0,37.0,3330.29859
5g2xh,26.0,37.0,3336.95078
5g2xh,26.0,37.0,3343.16489
5g2xh,26.0,37.0,3349.40318
5g2xh,26.0,37.0,3358.17073
5g2xh,26.0,37.0,3366.93578
5g2xh,26.0,37.0,3373.56328
5g2xh,27.0,37.0,3379.80401
5g2xh,27.0,37.0,3388.57221
5g2xh,27.0,37.0,3397.3391
5g2xh,27.0,37.0,3403.96518
5g2xh,27.0,36.0,3410.2054
5g2xh,27.0,36.0,3416.44322
5g2xh,27.0,36.0,3422.6826
5g2xh,27.0,36.0,3428.92568
5g2xh,28.0,36.0,3442.74556
5g2xh,28.0,36.0,3451.89846
5g2xh,28.0,36.0,3461.09881
5g2xh,28.0,36.0,3467.77101
5g2xh,28.0,36.0,3471.3241
5g2xh,28.0,36.0,3477.97534
5g2xh,28.0,36.0,3484.6039
5g2xh,28.0,36.0,3491.24386
5g2xh,29.0,36.0,3497.88516
5g2xh,29.0,36.0,3507.04903
5g2xh,28.0,35.0,3513.72134
5g2xh,29.0,36.0,3525.41479
5g2xh,28.0,35.0,3534.57164
5g2xh,29.0,35.0,3540.81066
5g2xh,29.0,35.0,3544.3633
5g2xh,29.0,35.0,3553.53251
5g2xh,29.0,35.0,3562.70257
5g2xh,29.0,35.0,3569.37249
5g2xh,29.0,35.0,3578.58117
5g2xh,29.0,35.0,3582.68549
5g2xh,29.0,35.0,3589.32413
5g2xh,29.0,35.0,3595.96534
5g2xh,29.0,35.0,3602.6017
5g2xh,29.0,35.0,3609.24451
5g2xh,29.0,35.0,3615.88342
5g2xh,29.0,35.0,3622.5246
5g2xh,29.0,35.0,3634.22493
5g2xh,29.0,35.0,3643.97588
5g2xh,29.0,35.0,3650.09182
5g2xh,29.0,35.0,3656.76541
5g2xh,29.0,35.0,3663.40576
5g2xh,29.0,35.0,3670.04401
5g2xh,29.0,35.0,3676.68381
5g2xh,30.0,35.0,3683.32315
5g2xh,30.0,35.0,3689.96407
5g2xh,30.0,35.0,3704.18862
5g2xh,30.0,35.0,3708.92561
5g2xh,30.0,35.0,3715.56529
5g2xh,30.0,35.0,3721.80308
5g2xh,30.0,35.0,3728.04397
5g2xh,30.0,35.0,3741.86321
5g2xh,30.0,35.0,3745.40201
5g2xh,30.0,35.0,3752.04255
5g2xh,30.0,35.0,3763.73897
5g2xh,30.0,35.0,3769.96511
5g2xh,30.0,35.0,3778.72835
5g2xh,29.0,35.0,3790.45589
5g2xh,29.0,35.0,3797.6911
5g2xh,29.0,35.0,3809.37809
5g2xh,29.0,35.0,3812.92392
5g2xh,29.0,35.0,3819.56324
5g2xh,29.0,35.0,3826.2017
5g2xh,29.0,35.0,3835.37485
5g2xh,29.0,35.0,3842.01222
5g2xh,29.0,35.0,3851.2146
5g2xh,29.0,35.0,3855.32537
5g2xh,29.0,35.0,3861.9658
5g2xh,29.0,35.0,3868.60441
5g2xh,29.0,35.0,3875.24337
5g2xh,30.0,36.0,3881.88063
5g2xh,29.0,36.0,3888.52346
5g2xh,29.0,36.0,3900.21928
5g2xh,28.0,36.0,3904.92392
5g2xh,28.0,36.0,3916.61579
5g2xh,28.0,36.0,3923.24118
5g2xh,28.0,36.0,3932.01234
5g2xh,28.0,36.0,3938.25198
5g2xh,28.0,36.0,3944.33177
5g2xh,28.0,36.0,3948.44306
5g2xh,28.0,36.0,3955.08428
5g2xh,28.0,36.0,3961.72313
5g2xh,28.0,36.0,3968.36313
5g2xh,28.0,36.0,3977.53271
5g2xh,28.0,36.0,3986.70116
5g2xh,28.0,36.0,3990.8433
5g2xh,28.0,36.0,3997.48438
5g2xh,28.0,36.0,4004.12504
5g2xh,28.0,36.0,4010.76484
5g2xh,28.0,36.0,4017.40533
5g2xh,28.0,36.0,4026.57276
5g2xh,28.0,36.0,4033.24539
5g2xh,28.0,36.0,4039.88459
5g2xh,28.0,36.0,4046.52324
5g2xh,28.0,36.0,4063.27244
5g2xh,28.0,36.0,4069.96461
5g2xh,27.0,36.0,4076.20419
5g2xh,27.0,36.0,4082.44454
5g2xh,27.0,37.0,4088.68453
5g2xh,27.0,37.0,4094.92317
5g2xh,27.0,37.0,4101.16475
5g2xh,26.0,37.0,4112.45876
5g2xh,26.0,37.0,4119.16355
5g2xh,26.0,38.0,4125.80426
5g2xh,26.0,38.0,4134.97216
5g2xh,25.0,38.0,4144.17102
5g2xh,25.0,38.0,4150.84444
5g2xh,24.0,38.0,4157.48328
5g2xh,24.0,38.0,4164.12521
5g2xh,24.0,39.0,4170.76404
5g2xh,24.0,39.0,4177.4031
5g2xh,24.0,39.0,4184.04395
5g2xh,23.0,39.0,4190.68366
5g2xh,23.0,39.0,4197.32342
5g2xh,23.0,39.0,4203.96413
5g2xh,22.0,39.0,4210.60325
5g2xh,22.0,40.0,4217.25338
5g2xh,21.0,40.0,4228.93912
5g2xh,21.0,40.0,4233.08544
5g2xh,21.0,40.0,4239.72411
5g2xh,21.0,40.0,4246.36511
5g2xh,21.0,40.0,4253.00316
5g2xh,21.0,40.0,4264.70358
5g2xh,21.0,40.0,4269.40381
5g2xh,21.0,40.0,4276.04506
5g2xh,21.0,40.0,4282.28383
5g2xh,21.0,40.0,4288.52438
5g2xh,21.0,40.0,4294.76597
5g2xh,21.0,40.0,4301.00427
5g2xh,20.0,40.0,4307.24387
5g2xh,20.0,40.0,4313.48527
5g2xh,20.0,40.0,4319.72309
5g2xh,20.0,40.0,4326.36178
5g2xh,21.0,41.0,4335.13176
5g2xh,20.0,41.0,4341.8032
5g2xh,20.0,41.0,4348.44195
5g2xh,20.0,41.0,4357.61638
5g2xh,20.0,41.0,4364.25234
5g2xh,19.0,41.0,4373.45224
5g2xh,19.0,41.0,4380.12435
5g2xh,19.0,41.0,4386.76503
5g2xh,19.0,41.0,4393.4042
5g2xh,19.0,41.0,4400.0444
5g2xh,19.0,41.0,4406.68321
5g2xh,19.0,41.0,4418.38304
5g2xh,19.0,41.0,4425.08403
5g2xh,19.0,41.0,4434.25145
5g2xh,19.0,41.0,4443.45433
5g2xh,20.0,41.0,4447.56513
5g2xh,20.0,41.0,4454.20522
5g2xh,19.0,40.0,4460.84315
5g2xh,19.0,40.0,4467.48311
5g2xh,20.0,40.0,4476.65138
5g2xh,20.0,40.0,4483.33384
5g2xh,20.0,40.0,4489.96444
5g2xh,21.0,40.0,4496.60357
5g2xh,21.0,40.0,4503.24455
5g2xh,21.0,40.0,4512.41092
5g2xh,21.0,40.0,4521.17936
5g2xh,21.0,40.0,4527.85177
5g2xh,21.0,40.0,4531.40388
5g2xh,21.0,40.0,4540.5713
5g2xh,20.0,40.0,4547.24412
5g2xh,20.0,40.0,4553.88376
5g2xh,20.0,40.0,4563.0667
5g2xh,20.0,40.0,4567.16812
5g2xh,21.0,41.0,4573.80307
5g2xh,20.0,41.0,4582.97127
5g2xh,20.0,41.0,4594.69613
5g2xh,19.0,41.0,4601.32593
5g2xh,19.0,41.0,4607.96277
5g2xh,19.0,41.0,4617.13214
5g2xh,19.0,41.0,4623.80325
5g2xh,19.0,41.0,4630.44221
5g2xh,18.0,42.0,4637.08397
5g2xh,18.0,42.0,4651.30212
5g2xh,18.0,42.0,4657.53001
5g2xh,17.0,42.0,4666.13992
5g2xh,17.0,42.0,4672.81196
5g2xh,17.0,42.0,4679.4529
5g2xh,17.0,42.0,4688.6512
5g2xh,17.0,42.0,4695.32382
5g2xh,17.0,42.0,4701.96315
5g2xh,17.0,42.0,4708.60319
5g2xh,17.0,42.0,4717.77321
5g2xh,17.0,42.0,4721.88322
5g2xh,17.0,42.0,4728.52308
5g2xh,18.0,42.0,4735.16456
5g2xh,18.0,42.0,4741.80317
5g2xh,19.0,41.0,4753.50194
5g2xh,19.0,41.0,4762.70017
5g2xh,19.0,41.0,4769.37835
5g2xh,20.0,41.0,4773.48486
5g2xh,19.0,40.0,4780.12435
5g2xh,19.0,40.0,4786.76436
5g2xh,20.0,40.0,4793.40395
5g2xh,20.0,40.0,4800.04293
5g2xh,20.0,40.0,4806.68326
5g2xh,20.0,40.0,4813.32403
5g2xh,21.0,40.0,4819.96421
5g2xh,21.0,40.0,4826.60475
5g2xh,21.0,40.0,4833.24259
5g2xh,21.0,39.0,4839.88454
5g2xh,21.0,40.0,4849.05701
5g2xh,21.0,40.0,4855.72321
5g2xh,20.0,40.0,4862.36451
5g2xh,20.0,40.0,4871.53266
5g2xh,20.0,40.0,4878.20434
5g2xh,20.0,40.0,4884.84403
5g2xh,20.0,41.0,4891.48406
5g2xh,20.0,41.0,4898.12397
5g2xh,20.0,41.0,4904.76413
5g2xh,19.0,41.0,4913.93334
5g2xh,19.0,41.0,4920.60471
5g2xh,18.0,42.0,4927.24538
5g2xh,18.0,42.0,4938.93786
5g2xh,18.0,42.0,4946.17112
5g2xh,18.0,42.0,4952.80905
5g2xh,18.0,41.0,4961.42281
5g2xh,18.0,41.0,4968.64831
5g2xh,19.0,41.0,4972.20437
5g2xh,19.0,41.0,4978.84329
5g2xh,19.0,41.0,4988.01214
5g2xh,19.0,41.0,4994.6857
5g2xh,20.0,41.0,5001.33407
5g2xh,20.0,41.0,5007.96448
5g2xh,19.0,40.0,5014.6031
5g2xh,19.0,40.0,5021.24317
5g2xh,20.0,40.0,5027.88386
5g2xh,20.0,40.0,5034.52425
5g2xh,21.0,40.0,5043.69216
5g2xh,21.0,40.0,5047.80443
5g2xh,21.0,40.0,5054.44331
5g2xh,21.0,40.0,5061.08391
5g2xh,21.0,40.0,5070.2516
5g2xh,21.0,40.0,5074.36453
5g2xh,21.0,39.0,5081.0053
5g2xh,21.0,40.0,5090.16913
5g2xh,21.0,40.0,5096.84398
5g2xh,21.0,40.0,5103.48531
5g2xh,21.0,40.0,5109.72144
5g2xh,21.0,40.0,5115.96412
5g2xh,21.0,40.0,5122.20423
5g2xh,20.0,40.0,5128.44427
5g2xh,20.0,40.0,5134.68126
5g2xh,20.0,40.0,5140.92523
5g2xh,20.0,40.0,5147.16502
5g2xh,20.0,40.0,5158.45589
5g2xh,20.0,40.0,5165.08389
5g2xh,20.0,40.0,5171.32378
5g2xh,19.0,40.0,5177.56835
5g2xh,20.0,41.0,5183.80521
5g2xh,20.0,41.0,5190.04473
5g2xh,20.0,41.0,5196.28504
5g2xh,19.0,41.0,5207.57532
5g2xh,20.0,41.0,5216.73376
5g2xh,19.0,40.0,5222.9687
5g2xh,20.0,41.0,5226.53336
5g2xh,20.0,41.0,5233.16342
5g2xh,20.0,41.0,5239.80315
5g2xh,20.0,41.0,5246.44427
5g2xh,19.0,41.0,5255.61293
5g2xh,19.0,41.0,5262.28466
5g2xh,19.0,41.0,5271.45435
5g2xh,20.0,41.0,5275.56323
5g2xh,19.0,40.0,5282.20459
5g2xh,20.0,41.0,5288.84443
5g2xh,19.0,40.0,5295.08309
5g2xh,19.0,40.0,5301.32389
5g2xh,20.0,40.0,5307.56651
5g2xh,20.0,40.0,5313.80423
5g2xh,20.0,40.0,5322.57166
5g2xh,20.0,40.0,5328.81099
5g2xh,20.0,40.0,5332.36298
5g2xh,20.0,40.0,5339.00419
5g2xh,21.0,39.0,5350.70041
5g2xh,21.0,39.0,5354.8433
5g2xh,21.0,39.0,5361.48554
5g2xh,21.0,39.0,5373.17844
5g2xh,21.0,39.0,5377.32129
5g2xh,21.0,39.0,5383.964
5g2xh,22.0,39.0,5390.60497
5g2xh,22.0,39.0,5397.2432
5g2xh,22.0,39.0,5403.88331
5g2xh,22.0,39.0,5410.52428
5g2xh,23.0,39.0,5417.16508
5g2xh,22.0,38.0,5423.80397
5g2xh,22.0,38.0,5430.4432
5g2xh,23.0,38.0,5437.08135
5g2xh,23.0,38.0,5451.30714
5g2xh,24.0,38.0,5460.49654
5g2xh,24.0,38.0,5464.60444
5g2xh,23.0,37.0,5471.24552
5g2xh,23.0,37.0,5477.88328
5g2xh,24.0,37.0,5484.52328
5g2xh,24.0,37.0,5496.2237
5g2xh,24.0,37.0,5500.36542
5g2xh,25.0,37.0,5507.00529
5g2xh,26.0,36.0,5521.22599
5g2xh,26.0,36.0,5525.96493
5g2xh,26.0,36.0,5535.13118
5g2xh,27.0,36.0,5544.3281
5g2xh,26.0,35.0,5553.5329
5g2xh,27.0,35.0,5560.20349
5g2xh,27.0,35.0,5566.84415
5g2xh,28.0,35.0,5576.01373
5g2xh,28.0,35.0,5580.1251
5g2xh,28.0,35.0,5586.76452
5g2xh,29.0,34.0,5593.4053
5g2xh,29.0,34.0,5600.04541
5g2xh,30.0,34.0,5611.74063
5g2xh,30.0,34.0,5615.88446
5g2xh,30.0,34.0,5622.52525
5g2xh,31.0,34.0,5629.16549
5g2xh,31.0,33.0,5638.32787
2bl8b,43.0,27.0,2784.28362
2bl8b,39.0,31.0,2789.09487
2bl8b,39.0,31.0,2796.38947
2bl8b,39.0,31.0,2806.25045
2bl8b,39.0,31.0,2814.68171
2bl8b,39.0,31.0,2824.54566
2bl8b,38.0,31.0,2831.88895
2bl8b,38.0,31.0,2836.67069
2bl8b,38.0,31.0,2841.57495
2bl8b,38.0,31.0,2848.86847
2bl8b,38.0,31.0,2854.78031
2bl8b,38.0,31.0,2862.59889
2bl8b,38.0,31.0,2870.52762
2bl8b,38.0,31.0,2879.82536
2bl8b,38.0,32.0,2884.98797
2bl8b,38.0,32.0,2889.98165
2bl8b,37.0,31.0,2899.89415
2bl8b,38.0,32.0,2907.2527
2bl8b,37.0,32.0,2913.15507
2bl8b,37.0,32.0,2921.81236
2bl8b,38.0,32.0,2926.56209
2bl8b,38.0,32.0,2931.33521
2bl8b,38.0,32.0,2936.11682
2bl8b,37.0,32.0,2943.39838
2bl8b,37.0,32.0,2948.16536
2bl8b,38.0,32.0,2952.92404
2bl8b,37.0,32.0,2960.22196
2bl8b,37.0,32.0,2964.99492
2bl8b,37.0,32.0,2977.41072
2bl8b,37.0,32.0,2982.20428
2bl8b,37.0,32.0,2987.37673
2bl8b,37.0,32.0,2992.29509
2bl8b,37.0,32.0,3007.0005
2bl8b,37.0,32.0,3014.30708
2bl8b,37.0,32.0,3021.62998
2bl8b,37.0,32.0,3028.94709
2bl8b,37.0,32.0,3033.86274
2bl8b,37.0,32.0,3047.16002
2bl8b,37.0,32.0,3052.04383
2bl8b,37.0,32.0,3064.44595
2bl8b,37.0,32.0,3074.30704
2bl8b,37.0,32.0,3086.37933
2bl8b,37.0,32.0,3091.25161
2bl8b,37.0,32.0,3097.34525
2bl8b,37.0,32.0,3107.7176
2bl8b,37.0,32.0,3112.58572
2bl8b,37.0,32.0,3119.02608
2bl8b,37.0,32.0,3124.12533
2bl8b,37.0,32.0,3132.79187
2bl8b,37.0,32.0,3137.83517
2bl8b,37.0,32.0,3145.63386
2bl8b,36.0,32.0,3179.49177
2bl8b,37.0,32.0,3185.10096
2bl8b,37.0,32.0,3191.33864
2bl8b,37.0,32.0,3197.58134
2bl8b,38.0,32.0,3203.82068
2bl8b,38.0,32.0,3210.06116
2bl8b,37.0,32.0,3214.99542
2bl8b,37.0,32.0,3224.94759
2bl8b,37.0,32.0,3229.72821
2bl8b,37.0,32.0,3247.30775
2bl8b,38.0,32.0,3261.32717
2bl8b,38.0,32.0,3266.10863
2bl8b,38.0,32.0,3271.42533
2bl8b,37.0,32.0,3276.57922
2bl8b,38.0,32.0,3289.92383
2bl8b,37.0,32.0,3295.26354
2bl8b,38.0,32.0,3303.02737
2bl8b,38.0,32.0,3310.43485
2bl8b,38.0,32.0,3315.40055
2bl8b,38.0,32.0,3320.17822
2bl8b,38.0,32.0,3324.93697
2bl8b,38.0,32.0,3329.70347
2bl8b,38.0,32.0,3337.00819
2bl8b,39.0,32.0,3344.31422
2bl8b,38.0,32.0,3349.38179
2bl8b,38.0,32.0,3354.40579
2bl8b,38.0,32.0,3362.1989
2bl8b,38.0,31.0,3366.98057
2bl8b,37.0,31.0,3375.98619
2bl8b,38.0,31.0,3382.29803
2bl8b,38.0,31.0,3397.98691
2bl8b,38.0,31.0,3403.61852
2bl8b,38.0,31.0,3436.9718
2bl8b,39.0,31.0,3445.06947
2bl8b,40.0,31.0,3452.3676
2bl8b,39.0,31.0,3457.44324
2bl8b,39.0,31.0,3464.52777
2bl8b,39.0,31.0,3469.56156
2bl8b,38.0,31.0,3480.0384
2bl8b,39.0,31.0,3492.68642
2bl8b,39.0,31.0,3526.27234
2bl8b,40.0,31.0,3544.05769
2bl8b,40.0,31.0,3585.96877
2bl8b,40.0,31.0,3595.8805
2bl8b,41.0,31.0,3645.05662
2bl8b,41.0,31.0,3653.70851
2bl8b,41.0,31.0,3662.91324
2bl8b,41.0,31.0,3667.02131
2bl8b,41.0,31.0,3673.66169
2bl8b,41.0,31.0,3680.30139
2bl8b,40.0,31.0,3689.46893
2bl8b,41.0,31.0,3698.66909
2bl8b,41.0,31.0,3705.3391
2bl8b,41.0,31.0,3742.17014
2bl8b,41.0,31.0,3748.38185
2bl8b,41.0,31.0,3757.14919
2bl8b,41.0,31.0,3778.55549
2bl8b,40.0,31.0,3785.06793
2bl8b,40.0,31.0,3794.26909
2bl8b,41.0,31.0,3800.93845
2bl8b,40.0,31.0,3810.11378
2bl8b,41.0,31.0,3814.22143
2bl8b,40.0,31.0,3852.86193
2bl8b,41.0,31.0,3901.79899
2bl8b,41.0,31.0,3910.9951
2bl8b,41.0,31.0,3915.10123
2bl8b,41.0,31.0,3924.26721
2bl8b,41.0,31.0,3928.22101
2bl8b,40.0,31.0,3937.38878
2bl8b,41.0,31.0,3956.10174
2bl8b,40.0,31.0,3963.50499
2bl8b,38.0,31.0,3985.7956
2bl8b,40.0,31.0,3993.89548
2bl8b,40.0,31.0,3998.67389
2bl8b,40.0,31.0,4003.48046
2bl8b,40.0,31.0,4017.89254
2bl8b,40.0,31.0,4025.21821
2bl8b,40.0,31.0,4063.85566
2bl8b,40.0,31.0,4097.44155
2bl8b,40.0,31.0,4133.55293
2bl8b,40.0,31.0,4174.71832
2bl8b,40.0,31.0,4208.30304
2bl8b,38.0,32.0,4241.89107
2bl8b,37.0,31.0,4275.47201
2bl8b,40.0,32.0,4282.14077
2bl8b,40.0,32.0,4287.26111
2bl8b,40.0,32.0,4293.90084
2bl8b,40.0,32.0,4300.54075
2bl8b,40.0,32.0,4307.18095
2bl8b,40.0,32.0,4313.82116
2bl8b,40.0,32.0,4320.46119
2bl8b,40.0,32.0,4327.10094
2bl8b,39.0,32.0,4336.27407
2bl8b,37.0,32.0,4369.86694
2bl8b,39.0,32.0,4405.98039
2bl8b,40.0,32.0,4439.56186
2bl8b,40.0,32.0,4473.14685
2bl8b,39.0,32.0,4506.73104
2bl8b,40.0,32.0,4513.42113
2bl8b,39.0,32.0,4522.58776
2bl8b,39.0,32.0,4534.32038
2bl8b,39.0,32.0,4546.05157
2bl8b,39.0,32.0,4550.22147
2bl8b,39.0,32.0,4559.38834
2bl8b,39.0,32.0,4566.0603
2bl8b,39.0,32.0,4575.22804
2bl8b,39.0,32.0,4581.90111
2bl8b,39.0,32.0,4591.06892
2bl8b,39.0,32.0,4597.74184
2bl8b,39.0,32.0,4608.28833
2bl8b,39.0,32.0,4644.39736
2bl8b,38.0,32.0,4650.10346
2bl8b,39.0,32.0,4655.12381
2bl8b,39.0,32.0,4677.95581
2bl8b,39.0,32.0,4682.70405
2bl8b,39.0,32.0,4687.46422
2bl8b,39.0,32.0,4692.23553
2bl8b,39.0,33.0,4709.62671
2bl8b,39.0,33.0,4717.0052
2bl8b,39.0,33.0,4724.4848
2bl8b,37.0,32.0,4735.7278
2bl8b,38.0,33.0,4746.19065
2bl8b,37.0,32.0,4754.38736
2bl8b,39.0,33.0,4759.38041
2bl8b,39.0,33.0,4764.15136
2bl8b,38.0,32.0,4771.45111
2bl8b,38.0,33.0,4783.15303
2bl8b,37.0,32.0,4788.38192
2bl8b,39.0,33.0,4801.45089
2bl8b,38.0,33.0,4808.88189
2bl8b,39.0,33.0,4816.72229
2bl8b,39.0,33.0,4824.17493
2bl8b,39.0,33.0,4828.99893
2bl8b,38.0,33.0,4837.46145
2bl8b,38.0,33.0,4845.38084
2bl8b,39.0,33.0,4855.30773
2bl8b,39.0,33.0,4860.09491
2bl8b,39.0,33.0,4864.87643
2bl8b,39.0,33.0,4869.92693
2bl8b,39.0,33.0,4874.70528
2bl8b,39.0,33.0,4879.48024
2bl8b,39.0,33.0,4884.38207
2bl8b,38.0,33.0,4889.45535
2bl8b,38.0,33.0,4898.4348
2bl8b,38.0,33.0,4903.86276
2bl8b,39.0,33.0,4908.91079
2bl8b,37.0,32.0,4914.17398
2bl8b,39.0,33.0,4926.65034
2bl8b,38.0,32.0,4931.52675
2bl8b,39.0,33.0,4943.90367
2bl8b,38.0,33.0,4948.66139
2bl8b,38.0,33.0,4958.49851
2bl8b,38.0,33.0,4969.30904
2bl8b,38.0,33.0,4996.5354
2bl8b,38.0,33.0,5004.83429
2bl8b,37.0,33.0,5010.02149
2bl8b,38.0,33.0,5017.4009
2bl8b,38.0,33.0,5022.26486
2bl8b,38.0,33.0,5033.95966
2bl8b,38.0,33.0,5043.97462
2bl8b,38.0,33.0,5048.81543
2bl8b,38.0,33.0,5053.66505
2bl8b,38.0,33.0,5076.4469
2bl8b,38.0,33.0,5086.4097
2bl8b,38.0,33.0,5091.36399
2bl8b,38.0,33.0,5096.70354
2bl8b,37.0,33.0,5105.7098
2bl8b,37.0,33.0,5111.02298
2bl8b,37.0,33.0,5117.40248
2bl8b,38.0,33.0,5141.66853
2bl8b,38.0,33.0,5148.7485
2bl8b,37.0,33.0,5155.86869
2bl8b,34.0,32.0,5207.47914
2bl8b,37.0,33.0,5247.26314
2bl8b,38.0,33.0,5260.12307
2bl8b,39.0,33.0,5284.3466
2bl8b,39.0,33.0,5288.70122
2bl8b,39.0,33.0,5297.86855
2bl8b,39.0,33.0,5304.34916
2bl8b,39.0,33.0,5308.70142
2bl8b,39.0,33.0,5315.70925
2bl8b,39.0,33.0,5322.34838
2bl8b,39.0,33.0,5331.46889
2bl8b,39.0,33.0,5338.11488
2bl8b,39.0,33.0,5344.58816
2bl8b,39.0,33.0,5351.18154
2bl8b,38.0,32.0,5357.42121
2bl8b,38.0,32.0,5363.66123
2bl8b,38.0,32.0,5372.42872
2bl8b,39.0,32.0,5379.3131
2bl8b,39.0,33.0,5401.50086
2bl8b,39.0,32.0,5410.67249
2bl8b,39.0,32.0,5417.30942
2bl8b,39.0,32.0,5426.10884
2bl8b,39.0,32.0,5432.38181
2bl8b,39.0,32.0,5438.62158
2bl8b,39.0,32.0,5465.07906
2bl8b,40.0,32.0,5469.42095
2bl8b,39.0,32.0,5478.58808
2bl8b,39.0,32.0,5485.27135
2bl8b,39.0,32.0,5491.51145
2bl8b,40.0,32.0,5503.19486
2bl8b,40.0,32.0,5509.82128
2bl8b,40.0,32.0,5516.06146
2bl8b,39.0,32.0,5522.30217
2bl8b,40.0,32.0,5531.06915
2bl8b,40.0,32.0,5537.30922
2bl8b,40.0,32.0,5550.38153
2bl8b,40.0,32.0,5561.67699
2bl8b,40.0,32.0,5574.40129
2bl8b,40.0,32.0,5586.22905
2bl8b,38.0,32.0,5593.74073
2bl8b,40.0,32.0,5605.63342
5ztk8,32.0,35.0,3664.56225
5ztk8,32.0,35.0,3672.55056
5ztk8,32.0,35.0,3680.35884
5ztk8,33.0,35.0,3691.25322
5ztk8,33.0,35.0,3699.45826
5ztk8,33.0,35.0,3704.24558
5ztk8,33.0,35.0,3709.64151
5ztk8,33.0,35.0,3714.92989
5ztk8,34.0,35.0,3728.7229
5ztk8,34.0,35.0,3736.15865
5ztk8,34.0,35.0,3742.38207
5ztk8,34.0,35.0,3748.78027
5ztk8,34.0,35.0,3753.52412
5ztk8,34.0,35.0,3758.30085
5ztk8,34.0,35.0,3763.94242
5ztk8,34.0,35.0,3774.06456
5ztk8,26.0,34.0,3860.82175
5ztk8,34.0,32.0,3867.5202
5ztk8,34.0,32.0,3872.32311
5ztk8,34.0,32.0,3877.03394
5ztk8,34.0,32.0,3885.34192
5ztk8,35.0,32.0,3891.24333
5ztk8,35.0,33.0,3896.27875
5ztk8,36.0,33.0,3903.8168
5ztk8,36.0,33.0,3908.51746
5ztk8,36.0,33.0,3913.22624
5ztk8,36.0,33.0,3920.50003
5ztk8,36.0,33.0,3925.35306
5ztk8,36.0,33.0,3930.21217
5ztk8,36.0,33.0,3934.97615
5ztk8,36.0,33.0,3940.01732
5ztk8,36.0,34.0,3945.09972
5ztk8,36.0,34.0,3949.83788
5ztk8,36.0,34.0,3954.5778
5ztk8,36.0,34.0,3959.34112
5ztk8,36.0,34.0,3964.39283
5ztk8,36.0,34.0,3977.54117
5ztk8,36.0,34.0,3982.53365
5ztk8,36.0,34.0,3989.91509
5ztk8,36.0,34.0,3995.40074
5ztk8,36.0,34.0,4000.13206
5ztk8,36.0,34.0,4010.02771
5ztk8,36.0,34.0,4015.12848
5ztk8,36.0,34.0,4020.4529
5ztk8,36.0,34.0,4025.21849
5ztk8,36.0,34.0,4029.95302
5ztk8,36.0,35.0,4034.7459
5ztk8,36.0,35.0,4044.53047
5ztk8,36.0,35.0,4049.27863
5ztk8,36.0,35.0,4082.86135
5ztk8,36.0,35.0,4116.44325
5ztk8,36.0,35.0,4150.02717
5ztk8,37.0,36.0,4183.60917
5ztk8,37.0,36.0,4217.18394
5ztk8,37.0,37.0,4253.28672
5ztk8,37.0,37.0,4286.85982
5ztk8,37.0,37.0,4320.44609
5ztk8,36.0,37.0,4354.01955
5ztk8,20.0,35.0,4387.59472
5ztk8,26.0,30.0,4421.17899
5ztk8,30.0,29.0,4454.75977
5ztk8,32.0,26.0,4488.3337
5ztk8,37.0,25.0,4521.90978
5ztk8,39.0,24.0,4555.4852
5ztk8,41.0,23.0,4589.06639
5ztk8,41.0,24.0,4608.15594
5ztk8,41.0,24.0,4615.43813
5ztk8,41.0,23.0,4622.68642
5ztk8,41.0,24.0,4629.94634
5ztk8,41.0,23.0,4634.84549
5ztk8,41.0,23.0,4639.54121
5ztk8,41.0,23.0,4646.7713
5ztk8,42.0,23.0,4656.52411
5ztk8,42.0,23.0,4661.23905
5ztk8,43.0,23.0,4665.93836
5ztk8,43.0,23.0,4670.67856
5ztk8,43.0,23.0,4675.3814
5ztk8,43.0,23.0,4680.10267
5ztk8,44.0,23.0,4684.81892
5ztk8,44.0,24.0,4694.59427
5ztk8,44.0,24.0,4699.81877
5ztk8,43.0,24.0,4704.51933
5ztk8,41.0,24.0,4714.40552
5ztk8,41.0,24.0,4719.12852
5ztk8,41.0,24.0,4728.92497
5ztk8,41.0,24.0,4738.69889
5ztk8,40.0,24.0,4745.97288
5ztk8,41.0,24.0,4750.72411
5ztk8,40.0,24.0,4757.98735
5ztk8,40.0,24.0,4764.01364
5ztk8,40.0,24.0,4768.77882
5ztk8,40.0,24.0,4773.48815
5ztk8,40.0,24.0,4778.36643
5ztk8,40.0,24.0,4783.39262
5ztk8,40.0,24.0,4788.13793
5ztk8,40.0,24.0,4795.36614
5ztk8,39.0,25.0,4800.19431
5ztk8,39.0,25.0,4805.19555
5ztk8,39.0,25.0,4810.04666
5ztk8,39.0,25.0,4814.76206
5ztk8,39.0,25.0,4820.37004
5ztk8,38.0,25.0,4830.15864
5ztk8,38.0,25.0,4837.73676
5ztk8,38.0,25.0,4845.00624
5ztk8,38.0,25.0,4849.73086
5ztk8,38.0,25.0,4859.51607
5ztk8,39.0,26.0,4866.79368
5ztk8,38.0,26.0,4871.5088
5ztk8,38.0,26.0,4876.2634
5ztk8,38.0,26.0,4880.99773
5ztk8,37.0,26.0,4890.76106
5ztk8,36.0,26.0,4897.99522
5ztk8,36.0,26.0,4902.74877
5ztk8,36.0,26.0,4907.49395
5ztk8,36.0,26.0,4912.24125
5ztk8,36.0,26.0,4917.15559
5ztk8,35.0,26.0,4924.51787
5ztk8,35.0,26.0,4929.26075
5ztk8,35.0,26.0,4933.9756
5ztk8,35.0,26.0,4938.6883
5ztk8,34.0,26.0,4948.76065
5ztk8,34.0,26.0,4953.47747
5ztk8,35.0,26.0,4958.2008
5ztk8,34.0,26.0,4962.93937
5ztk8,34.0,26.0,4970.20582
5ztk8,34.0,26.0,4974.91405
5ztk8,34.0,26.0,4982.14874
5ztk8,34.0,26.0,4988.03643
5ztk8,34.0,27.0,4995.82307
5ztk8,33.0,26.0,5003.61509
5ztk8,33.0,26.0,5008.63394
5ztk8,34.0,27.0,5013.66714
5ztk8,34.0,26.0,5018.6663
5ztk8,33.0,26.0,5025.93298
5ztk8,34.0,26.0,5041.10591
5ztk8,34.0,26.0,5048.41617
5ztk8,34.0,26.0,5065.81199
5ztk8,34.0,27.0,5073.59551
5ztk8,34.0,27.0,5078.39834
5ztk8,34.0,27.0,5083.14764
5ztk8,34.0,27.0,5090.4088
5ztk8,33.0,27.0,5097.74051
5ztk8,33.0,27.0,5102.68712
5ztk8,33.0,27.0,5107.43068
5ztk8,33.0,27.0,5112.14603
5ztk8,33.0,27.0,5116.89439
5ztk8,33.0,27.0,5124.16597
5ztk8,33.0,27.0,5128.94819
5ztk8,33.0,27.0,5136.41616
5ztk8,33.0,27.0,5141.47602
5ztk8,33.0,27.0,5153.84754
5ztk8,33.0,27.0,5161.07618
5ztk8,33.0,27.0,5168.4661
5ztk8,32.0,27.0,5175.72709
5ztk8,32.0,27.0,5180.44707
5ztk8,33.0,26.0,5186.12129
5ztk8,33.0,27.0,5191.1619
5ztk8,33.0,26.0,5196.49617
5ztk8,33.0,27.0,5211.75735
5ztk8,33.0,27.0,5217.2731
5ztk8,33.0,26.0,5223.19365
5ztk8,33.0,26.0,5228.56515
5ztk8,33.0,27.0,5233.59731
5ztk8,34.0,27.0,5238.37519
5ztk8,34.0,27.0,5243.09736
5ztk8,34.0,27.0,5250.43737
5ztk8,34.0,27.0,5257.84134
5ztk8,34.0,27.0,5265.0939
5ztk8,34.0,27.0,5269.83465
5ztk8,33.0,27.0,5275.05643
5ztk8,34.0,27.0,5280.72571
5ztk8,34.0,26.0,5286.5921
5ztk8,34.0,27.0,5292.17243
5ztk8,34.0,26.0,5297.80855
5ztk8,33.0,26.0,5305.08684
5ztk8,34.0,26.0,5309.84076
5ztk8,34.0,26.0,5314.54425
5ztk8,33.0,26.0,5324.331
5ztk8,34.0,26.0,5331.59696
5ztk8,34.0,26.0,5336.35488
5ztk8,34.0,26.0,5346.13587
5ztk8,33.0,25.0,5350.88444
5ztk8,33.0,25.0,5355.82428
5ztk8,33.0,25.0,5360.54514
5ztk8,34.0,25.0,5365.28665
5ztk8,34.0,25.0,5370.00673
5ztk8,34.0,25.0,5374.76041
5ztk8,34.0,25.0,5382.03163
5ztk8,34.0,25.0,5394.32619
5ztk8,34.0,25.0,5399.09634
5ztk8,35.0,25.0,5403.81682
5ztk8,34.0,25.0,5416.12842
5ztk8,34.0,25.0,5420.87773
5ztk8,35.0,25.0,5425.58401
5ztk8,35.0,25.0,5430.34419
5ztk8,35.0,25.0,5435.05547
5ztk8,34.0,25.0,5444.81311
5ztk8,34.0,25.0,5452.13463
5ztk8,35.0,26.0,5486.87
5ztk8,36.0,26.0,5520.44993
5ztk8,35.0,26.0,5554.02395
5ztk8,34.0,26.0,5558.73247
5ztk8,34.0,26.0,5563.46107
5ztk8,34.0,26.0,5568.16089
5ztk8,34.0,26.0,5575.3959
5ztk8,34.0,26.0,5580.16079
5ztk8,33.0,26.0,5587.47264
5ztk8,33.0,26.0,5592.23943
5ztk8,33.0,26.0,5598.39703
5ztk8,33.0,26.0,5608.64319
5ztk8,33.0,26.0,5613.41336
5ztk8,33.0,26.0,5623.43232
5ztk8,33.0,26.0,5628.35298
5ztk8,33.0,26.0,5640.98392
5ztk8,33.0,26.0,5645.92142
5ztk8,33.0,26.0,5650.89963
5ztk8,33.0,26.0,5656.21386
5ztk8,33.0,26.0,5663.65704
5ztk8,33.0,27.0,5669.28227
5ztk8,33.0,27.0,5674.27438
5ztk8,33.0,27.0,5678.97406
5ztk8,33.0,27.0,5696.32145
5ztk8,33.0,27.0,5701.6802
5ztk8,33.0,27.0,5707.52308
5ztk8,33.0,27.0,5715.42731
5ztk8,33.0,27.0,5720.43641
5ztk8,33.0,27.0,5726.09448
5ztk8,33.0,27.0,5731.61825
5ztk8,33.0,27.0,5737.07053
5ztk8,33.0,26.0,5747.36955
5ztk8,33.0,26.0,5783.47039
5ztk8,34.0,26.0,5817.0439
5ztk8,35.0,26.0,5850.61859
5ztk8,35.0,26.0,5886.72686
5ztk8,35.0,25.0,5920.30057
5ztk8,36.0,26.0,5953.87989
5ztk8,35.0,26.0,5987.45507
5ztk8,34.0,26.0,6026.08816
5ztk8,34.0,26.0,6059.67136
5ztk8,33.0,26.0,6093.24563
5ztk8,33.0,26.0,6126.82646
5ztk8,35.0,26.0,6165.45911
5ztk8,34.0,26.0,6204.09549
5ztk8,34.0,26.0,6237.6732
5ztk8,34.0,26.0,6271.24917
5ztk8,34.0,26.0,6304.82266
5ztk8,33.0,26.0,6338.39703
5ztk8,33.0,26.0,6374.50522
5ztk8,33.0,26.0,6413.1422
5ztk8,33.0,26.0,6446.72341
5ztk8,33.0,26.0,6480.29627
5ztk8,35.0,25.0,6513.87012
5ztk8,37.0,24.0,6547.45847
5ztk8,39.0,24.0,6583.55625
5ztk8,39.0,24.0,6617.1373
5ztk8,41.0,23.0,6650.72345
5ztk8,41.0,23.0,6684.30289
5ztk8,43.0,22.0,6717.8765
5ztk8,44.0,22.0,6751.45734
5ztk8,42.0,23.0,6787.55761
5ztk8,42.0,22.0,6823.65736
5ztk8,42.0,22.0,6830.92916
5ztk8,42.0,22.0,6838.18725
5ztk8,42.0,22.0,6843.35505
5ztk8,42.0,22.0,6848.46713
5ztk8,42.0,22.0,6854.1037
5ztk8,42.0,22.0,6870.25898
5ztk8,42.0,22.0,6875.82031
5ztk8,42.0,22.0,6881.45908
5ztk8,42.0,22.0,6887.02107
5ztk8,42.0,22.0,6892.86108
5ztk8,43.0,22.0,6901.44611
5ztk8,43.0,22.0,6910.47703
5ztk8,43.0,22.0,6917.00163
5ztk8,43.0,22.0,6922.56623
5ztk8,43.0,22.0,6928.14628
5ztk8,43.0,22.0,6933.85416
5ztk8,43.0,22.0,6942.311
5ztk8,43.0,22.0,6947.92286
5ztk8,43.0,22.0,6953.48798
5ztk8,43.0,22.0,6960.03412
5ztk8,43.0,22.0,6965.59282
5ztk8,43.0,22.0,6971.15594
5ztk8,43.0,22.0,6979.28595
5ztk8,43.0,22.0,6985.98566
5ztk8,43.0,22.0,6991.54365
5ztk8,43.0,22.0,6997.32153
5ztk8,43.0,23.0,7005.43088
5ztk8,43.0,22.0,7041.53192
5ztk8,42.0,22.0,7075.11352
5ztk8,42.0,22.0,7116.28621
5ztk8,42.0,22.0,7149.86732
5ztk8,42.0,22.0,7183.45854
5ztk8,42.0,22.0,7217.03229
5ztk8,43.0,22.0,7250.6034
5ztk8,43.0,23.0,7284.17622
5ztk8,42.0,23.0,7317.74948
5ztk8,43.0,22.0,7353.85024
5ztk8,43.0,22.0,7375.52253
5ztk8,43.0,22.0,7381.08403
5ztk8,43.0,22.0,7389.2863
5ztk8,43.0,22.0,7394.86548
5ztk8,43.0,22.0,7400.94375
5ztk8,43.0,22.0,7412.01748
5ztk8,41.0,23.0,7463.5219
5ztk8,41.0,23.0,7470.01446
5ztk8,41.0,23.0,7476.21462
5ztk8,40.0,23.0,7481.7945
5ztk8,41.0,23.0,7488.32573
5ztk8,41.0,23.0,7494.36127
5ztk8,41.0,23.0,7499.93148
5ztk8,41.0,23.0,7505.56027
5ztk8,41.0,23.0,7518.70074
5ztk8,41.0,23.0,7524.25895
5ztk8,40.0,23.0,7530.05726
5ztk8,40.0,23.0,7536.13841
5ztk8,40.0,23.0,7547.24367
5ztk8,40.0,23.0,7555.33189
5ztk8,41.0,23.0,7568.83402
5ztk8,42.0,23.0,7577.13196
5ztk8,42.0,23.0,7582.84802
5ztk8,42.0,23.0,7632.4979
5ztk8,42.0,23.0,7638.68319
5ztk8,42.0,23.0,7646.78819
5ztk8,42.0,23.0,7652.34528
5ztk8,42.0,23.0,7657.90668
5ztk8,42.0,23.0,7663.8741
5ztk8,42.0,23.0,7697.44404
5ztk8,40.0,23.0,7731.02401
5ztk8,42.0,23.0,7767.13019
5ztk8,42.0,23.0,7800.70946
5ztk8,43.0,22.0,7834.29119
5ztk8,47.0,22.0,7867.86622
5ztk8,45.0,21.0,7901.44055
5ztk8,45.0,22.0,7910.67684
5ztk8,45.0,22.0,7924.14348
5ztk8,45.0,22.0,7929.80242
5ztk8,45.0,22.0,7935.87382
5ztk8,44.0,22.0,7985.10744
5ztk8,44.0,22.0,7996.26047
5ztk8,43.0,22.0,8004.35948
5ztk8,43.0,22.0,8010.93655
5ztk8,42.0,22.0,8019.96972
5ztk8,42.0,22.0,8025.54862
5ztk8,42.0,22.0,8075.26228
5ztk8,43.0,22.0,8084.35966
5ztk8,43.0,22.0,8090.39945
5ztk8,43.0,22.0,8096.78411
5ztk8,43.0,22.0,8107.91964
5ztk8,42.0,21.0,8117.11775
5ztk8,43.0,21.0,8122.81324
5ztk8,43.0,21.0,8128.65677
5ztk8,43.0,21.0,8137.46795
5ztk8,44.0,21.0,8146.40818
5ztk8,44.0,21.0,8152.1734
5ztk8,44.0,21.0,8158.21774
5ztk8,44.0,21.0,8207.61657
5ztk8,44.0,21.0,8216.22917
5ztk8,44.0,21.0,8221.89308
5ztk8,44.0,21.0,8227.93155
5ztk8,45.0,22.0,8233.94961
5ztk8,44.0,22.0,8239.97906
5ztk8,44.0,22.0,8246.00176
5ztk8,44.0,22.0,8259.14714
5ztk8,43.0,22.0,8264.70333
5ztk8,43.0,22.0,8270.71805
5ztk8,43.0,22.0,8276.73403
5ztk8,43.0,22.0,8282.75157
5ztk8,43.0,22.0,8296.34855
5ztk8,42.0,22.0,8309.6632
5ztk8,43.0,22.0,8318.16685
5ztk8,43.0,22.0,8326.31681
5ztk8,43.0,21.0,8334.8534
5ztk8,43.0,21.0,8342.9729
5ztk8,44.0,21.0,8349.08833
5ztk8,44.0,21.0,8360.15311
5ztk8,44.0,21.0,8365.7143
5ztk8,44.0,21.0,8371.27405
5ztk8,44.0,21.0,8379.81727
5ztk8,44.0,21.0,8387.15932
5ztk8,44.0,21.0,8392.74272
5ztk8,44.0,21.0,8398.32546
5ztk8,45.0,21.0,8404.89287
5ztk8,45.0,21.0,8411.14797
5ztk8,45.0,21.0,8417.19426
5ztk8,45.0,21.0,8425.32968
5ztk8,45.0,21.0,8430.88427
5ztk8,45.0,21.0,8436.44608
5ztk8,44.0,21.0,8447.47085
5ztk8,44.0,21.0,8453.51086
5ztk8,45.0,22.0,8461.6166
5ztk8,45.0,22.0,8467.52131
5ztk8,45.0,22.0,8476.06013
5ztk8,44.0,22.0,8484.14947
5ztk8,44.0,22.0,8489.70774
5ztk8,43.0,22.0,8498.13919
5ztk8,44.0,22.0,8507.16736
5ztk8,43.0,22.0,8512.9175
5ztk8,43.0,22.0,8521.46327
5ztk8,43.0,22.0,8527.03209
5ztk8,43.0,22.0,8532.59107
5ztk8,43.0,22.0,8538.44412
5ztk8,43.0,22.0,8549.51954
5ztk8,43.0,22.0,8558.34398
5ztk8,43.0,22.0,8568.95615
5ztk8,43.0,22.0,8574.84161
5ztk8,43.0,22.0,8580.85618
5ztk8,43.0,22.0,8586.86568
5ztk8,43.0,22.0,8595.41752
5ztk8,43.0,22.0,8601.91779
5ztk8,43.0,22.0,8612.63781
5ztk8,43.0,23.0,8640.8301
5ztk8,42.0,23.0,8646.4097
5ztk8,41.0,23.0,8652.1149
5ztk8,41.0,23.0,8660.34636
5ztk8,41.0,23.0,8665.93318
5ztk8,41.0,23.0,8674.31825
5ztk8,41.0,23.0,8682.40891
5ztk8,40.0,24.0,8715.99067
5ztk8,40.0,23.0,8722.58449
5ztk8,39.0,23.0,8730.67429
5ztk8,39.0,23.0,8736.39224
5ztk8,39.0,23.0,8747.48086
5ztk8,39.0,23.0,8752.30709
5ztk8,40.0,23.0,8757.04885
5ztk8,40.0,23.0,8761.93271
5ztk8,40.0,23.0,8766.66489
5ztk8,41.0,23.0,8771.42131
5ztk8,41.0,23.0,8776.12275
5ztk8,41.0,23.0,8780.82605
5ztk8,41.0,23.0,8788.08884
5ztk8,41.0,23.0,8792.79324
5ztk8,41.0,23.0,8812.67846
5ztk8,41.0,23.0,8817.4039
5ztk8,41.0,23.0,8822.10377
5ztk8,40.0,23.0,8826.85326
5ztk8,40.0,23.0,8831.59931
5ztk8,40.0,23.0,8836.31372
5ztk8,40.0,23.0,8851.12754
5ztk8,40.0,23.0,8855.82966
5ztk8,40.0,23.0,8878.27871
5ztk8,40.0,23.0,8883.02517
5ztk8,41.0,23.0,8890.25368
5ztk8,41.0,23.0,8920.22665
5ztk8,41.0,23.0,8924.97435
5ztk8,42.0,23.0,8939.82262
5ztk8,42.0,23.0,8944.54884
5ztk8,41.0,23.0,8949.27975
5ztk8,40.0,23.0,8976.72988
5ztk8,40.0,23.0,8981.43552
5ztk8,40.0,23.0,8986.19102
5ztk8,40.0,23.0,8993.42081
5ztk8,40.0,23.0,8998.13958
5ztk8,41.0,23.0,9020.5185
5ztk8,41.0,23.0,9030.31553
5ztk8,41.0,22.0,9035.03602
5ztk8,43.0,22.0,9062.4784
5ztk8,43.0,22.0,9067.21839
5ztk8,42.0,23.0,9071.95754
5ztk8,43.0,22.0,9091.86636
5ztk8,43.0,22.0,9096.59441
5ztk8,42.0,22.0,9106.35049
5ztk8,42.0,22.0,9111.05815
5ztk8,42.0,22.0,9115.77633
5ztk8,42.0,23.0,9125.5673
5ztk8,42.0,23.0,9132.82776
5ztk8,41.0,23.0,9165.36291
5ztk8,41.0,23.0,9190.32654
5ztk8,41.0,23.0,9197.55782
5ztk8,40.0,23.0,9202.26371
5ztk8,41.0,22.0,9227.21487
5ztk8,42.0,22.0,9231.91949
5ztk8,45.0,21.0,9301.50716
5ztk8,45.0,21.0,9306.23941
5ztk8,45.0,21.0,9310.94579
5ztk8,45.0,21.0,9315.68802
5ztk8,45.0,21.0,9333.0486
5ztk8,45.0,22.0,9365.58337
5ztk8,45.0,22.0,9370.30079
5ztk8,45.0,22.0,9375.01437
5ztk8,43.0,22.0,9384.81787
5ztk8,43.0,22.0,9392.10844
5ztk8,43.0,22.0,9396.89371
5ztk8,43.0,23.0,9416.76566
5ztk8,42.0,23.0,9426.75875
5ztk8,41.0,23.0,9444.13714
5ztk8,41.0,23.0,9449.14772
5ztk8,41.0,23.0,9454.22259
5ztk8,39.0,24.0,9491.75687
5ztk8,40.0,24.0,9511.63389
5ztk8,40.0,24.0,9523.93382
5ztk8,40.0,24.0,9528.63742
5ztk8,39.0,24.0,9548.51386
5ztk8,38.0,24.0,9556.56363
5ztk8,38.0,24.0,9568.85717
5ztk8,39.0,23.0,9616.39614
5ztk8,39.0,23.0,9631.82824
5ztk8,39.0,23.0,9637.01257
5ztk8,37.0,24.0,9689.37004
5ztk8,37.0,24.0,9694.10999
5ztk8,38.0,24.0,9698.84188
5ztk8,37.0,24.0,9703.57048
5ztk8,35.0,25.0,9738.62249
5ztk8,35.0,25.0,9745.858
5ztk8,35.0,25.0,9750.59194
5ztk8,35.0,24.0,9757.84906
5ztk8,35.0,24.0,9762.95849
5ztk8,36.0,24.0,9822.40029
5ztk8,36.0,24.0,9827.12334
5ztk8,37.0,24.0,9876.45048
5ztk8,36.0,24.0,9926.01364
5ztk8,39.0,23.0,9983.03308
5ztk8,39.0,24.0,9987.81464
5ztk8,38.0,24.0,10034.79334
5ztk8,37.0,24.0,10089.17241
5ztk8,37.0,24.0,10101.44566
5ztk8,36.0,24.0,10111.24084
5ztk8,36.0,24.0,10158.10336
5ztk8,36.0,24.0,10165.40734
5ztk8,35.0,25.0,10224.93356
5ztk8,34.0,25.0,10260.00755
5ztk8,34.0,25.0,10269.76758
5ztk8,35.0,25.0,10279.56364
5ztk8,35.0,25.0,10317.10306
5ztk8,34.0,25.0,10321.85481
5ztk8,35.0,25.0,10336.69409
5ztk8,34.0,25.0,10344.09826
5ztk8,34.0,25.0,10369.00964
5ztk8,34.0,25.0,10381.52958
5ztk8,34.0,25.0,10470.41989
5ztk8,34.0,25.0,10510.5233
5ztk8,35.0,25.0,10525.38324
5ztk8,38.0,24.0,10560.42319
5ztk8,39.0,24.0,10577.80816
5ztk8,39.0,24.0,10585.13332
5ztk8,39.0,24.0,10589.95111
5ztk8,39.0,24.0,10597.25425
5ztk8,34.0,27.0,10649.14784
5ztk8,33.0,27.0,10656.38638
5ztk8,32.0,29.0,10696.48395
5ztk8,31.0,30.0,10735.27501
5ztk8,31.0,30.0,10740.02782
5ztk8,30.0,30.0,10752.39613
5ztk8,29.0,31.0,10799.21096
5ztk8,27.0,32.0,10861.14722
5ztk8,26.0,32.0,10878.54821
5ztk8,26.0,33.0,10908.92867
5ztk8,26.0,33.0,10932.02559
5ztk8,26.0,33.0,10936.73004
5ztk8,25.0,33.0,10941.45791
5ztk8,24.0,34.0,10988.26343
5ztk8,24.0,34.0,10995.48887
5ztk8,24.0,34.0,11008.0241
5ztk8,23.0,35.0,11059.93641
5ztk8,22.0,35.0,11064.65757
xcl97,59.0,20.0,0.0
xcl97,58.0,21.0,4.73812
xcl97,57.0,21.0,12.00057
xcl97,57.0,21.0,19.27896
xcl97,57.0,21.0,24.03958
xcl97,57.0,21.0,28.80119
xcl97,57.0,21.0,33.56405
xcl97,57.0,21.0,38.3838
xcl97,56.0,21.0,43.84189
xcl97,56.0,21.0,51.21374
xcl97,58.0,22.0,55.97531
xcl97,57.0,22.0,60.76379
xcl97,57.0,22.0,65.50851
xcl97,57.0,22.0,70.80461
xcl97,57.0,22.0,75.5664
xcl97,57.0,22.0,80.32656
xcl97,57.0,22.0,87.57783
xcl97,57.0,22.0,92.3527
xcl97,57.0,22.0,97.10894
xcl97,57.0,22.0,101.86621
xcl97,56.0,22.0,106.67764
xcl97,57.0,22.0,111.59318
xcl97,57.0,22.0,116.37785
xcl97,56.0,22.0,121.13209
xcl97,57.0,22.0,130.91858
xcl97,56.0,22.0,135.70043
xcl97,56.0,22.0,142.97882
xcl97,56.0,22.0,150.27421
xcl97,56.0,22.0,155.29005
xcl97,56.0,23.0,160.09585
xcl97,56.0,23.0,164.86522
xcl97,55.0,23.0,172.16858
xcl97,55.0,23.0,181.9696
xcl97,55.0,23.0,186.70958
xcl97,55.0,23.0,191.53547
xcl97,55.0,23.0,196.54332
xcl97,55.0,23.0,201.29669
xcl97,54.0,23.0,206.02368
xcl97,54.0,23.0,210.78658
xcl97,54.0,23.0,219.46798
xcl97,54.0,23.0,224.24552
xcl97,54.0,23.0,228.98087
xcl97,53.0,23.0,233.72906
xcl97,53.0,23.0,238.4637
xcl97,53.0,24.0,251.02939
xcl97,53.0,24.0,255.80854
xcl97,53.0,24.0,260.55962
xcl97,53.0,24.0,265.31937
xcl97,53.0,24.0,270.13883
xcl97,52.0,24.0,275.3263
xcl97,52.0,24.0,280.56245
xcl97,52.0,24.0,286.36578
xcl97,52.0,24.0,295.52502
xcl97,52.0,24.0,306.25611
xcl97,52.0,24.0,316.26494
xcl97,51.0,24.0,327.17744
xcl97,51.0,24.0,335.30211
xcl97,51.0,24.0,346.28107
xcl97,51.0,24.0,353.09579
xcl97,51.0,24.0,358.71074
xcl97,51.0,24.0,372.99179
xcl97,50.0,24.0,377.79167
xcl97,51.0,24.0,382.69444
xcl97,50.0,24.0,389.15225
xcl97,51.0,25.0,395.6617
xcl97,50.0,25.0,406.07675
xcl97,50.0,25.0,414.24288
xcl97,50.0,25.0,421.8754
xcl97,50.0,25.0,429.22801
xcl97,50.0,25.0,436.50996
xcl97,50.0,25.0,441.23523
xcl97,50.0,25.0,451.00025
xcl97,50.0,25.0,455.80155
xcl97,50.0,25.0,461.42658
xcl97,50.0,25.0,469.31636
xcl97,50.0,25.0,474.16543
xcl97,50.0,25.0,489.92913
xcl97,49.0,25.0,497.27884
xcl97,50.0,25.0,502.07692
xcl97,49.0,25.0,506.86214
xcl97,49.0,25.0,511.62196
xcl97,49.0,25.0,516.41374
xcl97,49.0,25.0,521.86741
xcl97,49.0,25.0,533.19334
xcl97,49.0,25.0,542.8052
xcl97,49.0,25.0,553.62134
xcl97,50.0,26.0,566.19413
xcl97,49.0,25.0,571.86824
xcl97,49.0,25.0,577.56319
xcl97,49.0,25.0,583.35355
xcl97,49.0,25.0,590.91505
xcl97,49.0,25.0,602.22906
xcl97,50.0,26.0,607.71843
xcl97,49.0,25.0,617.50252
xcl97,50.0,26.0,624.84709
xcl97,48.0,25.0,629.63227
xcl97,49.0,26.0,634.42983
xcl97,49.0,26.0,639.65119
xcl97,49.0,26.0,646.91978
xcl97,49.0,26.0,651.65751
xcl97,49.0,26.0,658.94518
xcl97,49.0,26.0,666.21477
xcl97,49.0,26.0,670.98036
xcl97,49.0,26.0,678.25352
xcl97,49.0,26.0,682.9898
xcl97,49.0,26.0,687.69645
xcl97,49.0,26.0,692.45914
xcl97,49.0,26.0,697.18417
xcl97,49.0,26.0,701.91528
xcl97,48.0,26.0,706.68336
xcl97,48.0,26.0,711.57398
xcl97,48.0,26.0,724.09166
xcl97,48.0,26.0,731.32595
xcl97,48.0,26.0,741.05725
xcl97,48.0,26.0,750.3724
xcl97,48.0,26.0,755.17514
xcl97,48.0,27.0,767.93011
xcl97,48.0,27.0,776.77828
xcl97,48.0,27.0,782.03822
xcl97,48.0,27.0,786.84761
xcl97,47.0,27.0,791.60609
xcl97,47.0,27.0,796.59421
xcl97,47.0,27.0,801.36355
xcl97,47.0,27.0,806.14773
xcl97,47.0,27.0,810.89407
xcl97,47.0,27.0,815.63861
xcl97,47.0,27.0,825.45123
xcl97,47.0,27.0,830.26659
xcl97,47.0,27.0,835.11924
xcl97,47.0,27.0,842.41297
xcl97,46.0,27.0,852.22145
xcl97,46.0,27.0,857.02924
xcl97,46.0,27.0,861.7554
xcl97,46.0,27.0,874.08821
xcl97,46.0,27.0,878.79976
xcl97,46.0,27.0,883.56537
xcl97,47.0,28.0,890.83261
xcl97,47.0,28.0,895.62153
xcl97,47.0,28.0,900.35829
xcl97,46.0,28.0,905.23034
xcl97,46.0,28.0,910.27133
xcl97,46.0,28.0,915.05664
xcl97,46.0,28.0,928.35415
xcl97,45.0,27.0,933.12919
xcl97,46.0,28.0,943.48627
xcl97,46.0,28.0,948.26555
xcl97,46.0,28.0,952.99556
xcl97,46.0,28.0,957.73708
xcl97,46.0,28.0,965.00757
xcl97,46.0,28.0,969.76554
xcl97,46.0,28.0,974.5055
xcl97,46.0,28.0,979.272
xcl97,45.0,28.0,984.04131
xcl97,45.0,28.0,989.31555
xcl97,45.0,28.0,994.14267
xcl97,45.0,28.0,999.17541
xcl97,45.0,28.0,1004.053
xcl97,45.0,28.0,1008.79474
xcl97,45.0,28.0,1013.59388
xcl97,45.0,28.0,1018.3592
xcl97,45.0,28.0,1025.62044
xcl97,45.0,28.0,1035.77774
xcl97,45.0,28.0,1045.61979
xcl97,45.0,28.0,1051.18925
xcl97,45.0,28.0,1057.03767
xcl97,46.0,29.0,1062.96388
xcl97,46.0,29.0,1068.7804
xcl97,45.0,28.0,1074.84085
xcl97,45.0,28.0,1080.19042
xcl97,45.0,28.0,1085.38448
xcl97,45.0,29.0,1091.42436
xcl97,44.0,28.0,1110.92629
xcl97,45.0,29.0,1115.71175
xcl97,45.0,29.0,1122.97763
xcl97,45.0,29.0,1132.79744
xcl97,45.0,29.0,1137.53019
xcl97,45.0,29.0,1142.2654
xcl97,45.0,29.0,1147.02466
xcl97,45.0,29.0,1151.87096
xcl97,45.0,29.0,1161.21858
xcl97,45.0,29.0,1168.32077
xcl97,45.0,29.0,1176.73155
xcl97,45.0,29.0,1190.6219
xcl97,45.0,29.0,1197.26161
xcl97,45.0,29.0,1203.90002
xcl97,45.0,29.0,1210.54127
xcl97,45.0,29.0,1217.18074
xcl97,45.0,29.0,1223.82162
xcl97,45.0,29.0,1228.65767
xcl97,45.0,29.0,1233.45457
xcl97,45.0,29.0,1258.20042
xcl97,44.0,29.0,1263.93824
xcl97,44.0,29.0,1274.69132
xcl97,44.0,29.0,1308.27409
xcl97,44.0,29.0,1322.14106
xcl97,44.0,30.0,1326.38128
xcl97,44.0,30.0,1333.0211
xcl97,44.0,30.0,1339.66112
xcl97,43.0,30.0,1346.29908
xcl97,43.0,30.0,1355.46928
xcl97,43.0,30.0,1362.14134
xcl97,43.0,30.0,1368.78037
xcl97,43.0,30.0,1375.41791
xcl97,43.0,30.0,1382.06051
xcl97,43.0,30.0,1388.70056
xcl97,42.0,30.0,1397.87909
xcl97,42.0,30.0,1404.53912
xcl97,41.0,30.0,1411.26113
xcl97,41.0,30.0,1417.90148
xcl97,42.0,31.0,1424.53636
xcl97,42.0,31.0,1431.18128
xcl97,41.0,31.0,1437.81989
xcl97,40.0,31.0,1446.98897
xcl97,40.0,31.0,1453.65941
xcl97,40.0,31.0,1460.30052
xcl97,40.0,31.0,1466.93987
xcl97,40.0,31.0,1488.94018
xcl97,39.0,31.0,1495.58141
xcl97,39.0,31.0,1529.17363
xcl97,39.0,31.0,1552.25466
xcl97,38.0,31.0,1560.82543
xcl97,38.0,31.0,1570.29241
xcl97,38.0,31.0,1575.04073
xcl97,38.0,31.0,1584.07395
xcl97,38.0,31.0,1588.84588
xcl97,38.0,31.0,1593.57556
xcl97,38.0,31.0,1598.38221
xcl97,38.0,31.0,1619.87263
xcl97,38.0,31.0,1625.19433
xcl97,38.0,31.0,1633.34011
xcl97,38.0,31.0,1640.64662
xcl97,38.0,31.0,1645.38589
xcl97,38.0,31.0,1650.17894
xcl97,38.0,31.0,1654.97328
xcl97,38.0,31.0,1667.38926
xcl97,38.0,31.0,1672.47984
xcl97,38.0,31.0,1679.76303
xcl97,38.0,31.0,1696.18774
xcl97,38.0,31.0,1705.39851
xcl97,38.0,31.0,1714.5879
xcl97,38.0,31.0,1726.31433
xcl97,38.0,31.0,1732.94136
xcl97,38.0,32.0,1742.49563
xcl97,38.0,31.0,1752.32437
xcl97,38.0,31.0,1759.60843
xcl97,38.0,31.0,1764.92921
xcl97,38.0,31.0,1772.23759
xcl97,37.0,31.0,1784.78877
xcl97,37.0,32.0,1792.20895
xcl97,37.0,32.0,1798.1666
xcl97,37.0,32.0,1802.89542
xcl97,37.0,32.0,1810.24739
xcl97,37.0,32.0,1815.07292
xcl97,37.0,32.0,1822.35154
xcl97,37.0,32.0,1832.13912
xcl97,37.0,32.0,1836.9995
xcl97,37.0,32.0,1842.48966
xcl97,37.0,32.0,1853.10938
xcl97,37.0,32.0,1864.17027
xcl97,37.0,32.0,1877.50408
xcl97,36.0,32.0,1887.26135
xcl97,36.0,32.0,1893.90022
xcl97,36.0,32.0,1899.10135
xcl97,36.0,32.0,1904.30971
xcl97,36.0,32.0,1911.63256
xcl97,36.0,32.0,1917.87453
xcl97,36.0,32.0,1922.67874
xcl97,36.0,32.0,1940.03144
xcl97,36.0,32.0,1947.82925
xcl97,37.0,33.0,1957.59858
xcl97,36.0,33.0,1966.10214
xcl97,35.0,32.0,1977.98286
xcl97,36.0,33.0,1987.36778
xcl97,35.0,32.0,1999.06817
xcl97,36.0,33.0,2012.93961
xcl97,35.0,33.0,2022.10655
xcl97,35.0,33.0,2031.3075
xcl97,35.0,33.0,2040.16042
xcl97,35.0,33.0,2046.9863
xcl97,35.0,33.0,2053.22688
xcl97,34.0,33.0,2061.99047
xcl97,34.0,33.0,2068.82769
xcl97,34.0,34.0,2075.06583
xcl97,33.0,34.0,2081.30733
xcl97,34.0,34.0,2087.54692
xcl97,34.0,34.0,2096.3135
xcl97,34.0,34.0,2103.14506
xcl97,33.0,34.0,2109.3863
xcl97,33.0,34.0,2118.15296
xcl97,33.0,34.0,2122.46109
xcl97,33.0,34.0,2128.69942
xcl97,33.0,34.0,2133.26244
xcl97,32.0,34.0,2142.87212
xcl97,32.0,34.0,2149.5541
xcl97,32.0,34.0,2156.07944
xcl97,32.0,34.0,2185.80356
xcl97,32.0,34.0,2192.30013
xcl97,32.0,34.0,2198.54017
xcl97,32.0,34.0,2203.10069
xcl97,32.0,34.0,2211.52869
xcl97,32.0,34.0,2223.29356
xcl97,32.0,34.0,2231.55745
xcl97,32.0,34.0,2237.34965
xcl97,32.0,35.0,2247.66071
xcl97,32.0,34.0,2254.06911
xcl97,32.0,34.0,2260.33373
xcl97,32.0,34.0,2265.27455
xcl97,32.0,34.0,2270.10266
xcl97,32.0,34.0,2276.09395
xcl97,32.0,35.0,2281.98224
xcl97,32.0,34.0,2298.20564
xcl97,32.0,34.0,2331.77727
xcl97,32.0,34.0,2365.36365
xcl97,32.0,34.0,2372.06066
xcl97,32.0,34.0,2378.69854
xcl97,32.0,35.0,2385.33971
xcl97,32.0,34.0,2391.98103
xcl97,32.0,35.0,2398.62017
xcl97,31.0,35.0,2410.31689
xcl97,32.0,35.0,2414.45977
xcl97,31.0,35.0,2423.62932
xcl97,32.0,35.0,2430.26863
xcl97,32.0,35.0,2436.94105
xcl97,31.0,35.0,2443.58032
xcl97,31.0,35.0,2452.74559
xcl97,31.0,35.0,2459.42131
xcl97,31.0,35.0,2466.06135
xcl97,30.0,35.0,2475.22812
xcl97,31.0,35.0,2481.90048
xcl97,31.0,35.0,2488.53928
xcl97,31.0,35.0,2495.17934
xcl97,30.0,35.0,2501.81988
xcl97,30.0,35.0,2510.98824
xcl97,30.0,35.0,2517.66135
xcl97,30.0,35.0,2524.29992
xcl97,30.0,35.0,2530.94138
xcl97,30.0,35.0,2537.58131
xcl97,30.0,35.0,2544.21824
xcl97,30.0,35.0,2553.39822
xcl97,30.0,36.0,2560.06089
xcl97,30.0,36.0,2571.75839
xcl97,30.0,36.0,2575.90036
xcl97,30.0,36.0,2585.06784
xcl97,30.0,36.0,2591.7402
xcl97,30.0,36.0,2598.38109
xcl97,30.0,36.0,2605.02001
xcl97,30.0,36.0,2616.71418
xcl97,30.0,36.0,2620.85994
xcl97,29.0,36.0,2630.028
xcl97,29.0,36.0,2636.70117
xcl97,29.0,36.0,2643.34022
xcl97,29.0,36.0,2649.9799
xcl97,29.0,36.0,2664.20693
xcl97,29.0,36.0,2670.9101
xcl97,29.0,36.0,2680.10777
xcl97,29.0,36.0,2686.78045
xcl97,28.0,36.0,2693.4203
xcl97,28.0,36.0,2702.589
xcl97,28.0,36.0,2709.2602
xcl97,28.0,36.0,2715.90013
xcl97,28.0,37.0,2722.53895
xcl97,28.0,37.0,2729.18025
xcl97,28.0,37.0,2735.41974
xcl97,28.0,37.0,2741.65975
xcl97,28.0,37.0,2747.89976
xcl97,28.0,37.0,2759.18876
xcl97,27.0,37.0,2762.78029
xcl97,27.0,37.0,2779.53942
xcl97,27.0,37.0,2788.34384
xcl97,27.0,37.0,2795.02101
xcl97,27.0,37.0,2804.18886
xcl97,27.0,37.0,2813.38897
xcl97,27.0,37.0,2822.58897
xcl97,26.0,37.0,2829.26009
xcl97,26.0,37.0,2840.95937
xcl97,26.0,37.0,2848.18764
xcl97,26.0,37.0,2862.40746
xcl97,27.0,38.0,2871.5926
xcl97,26.0,37.0,2878.26482
xcl97,27.0,38.0,2881.82116
xcl97,27.0,38.0,2888.45908
xcl97,27.0,38.0,2897.62788
xcl97,26.0,38.0,2904.2999
xcl97,26.0,38.0,2913.46897
xcl97,26.0,38.0,2922.6673
xcl97,26.0,38.0,2931.86894
xcl97,26.0,38.0,2938.54138
xcl97,26.0,38.0,2945.17995
xcl97,26.0,38.0,2951.82119
xcl97,26.0,38.0,2960.98796
xcl97,26.0,38.0,2967.66085
xcl97,25.0,38.0,2976.82503
xcl97,25.0,38.0,2983.50169
xcl97,25.0,38.0,2990.14106
xcl97,25.0,38.0,2996.77909
xcl97,25.0,38.0,3005.9472
xcl97,25.0,38.0,3012.6213
xcl97,25.0,38.0,3019.25925
xcl97,25.0,38.0,3025.89998
xcl97,25.0,38.0,3037.59589
xcl97,24.0,38.0,3046.82615
xcl97,24.0,38.0,3053.49999
xcl97,24.0,38.0,3060.14023
xcl97,25.0,39.0,3066.77893
xcl97,25.0,39.0,3073.02107
xcl97,25.0,39.0,3081.78662
xcl97,25.0,39.0,3090.98684
xcl97,25.0,39.0,3097.66104
xcl97,25.0,39.0,3104.30115
xcl97,25.0,39.0,3110.94037
xcl97,25.0,39.0,3129.27622
xcl97,25.0,39.0,3136.50844
xcl97,25.0,39.0,3140.06089
xcl97,25.0,39.0,3146.69832
xcl97,25.0,39.0,3158.39687
xcl97,24.0,39.0,3167.59646
xcl97,24.0,39.0,3172.30003
xcl97,24.0,39.0,3178.93998
xcl97,24.0,39.0,3185.18025
xcl97,24.0,39.0,3191.42116
xcl97,24.0,39.0,3197.6599
xcl97,24.0,39.0,3203.89969
xcl97,24.0,39.0,3212.66846
xcl97,24.0,39.0,3218.90844
xcl97,24.0,39.0,3224.98839
xcl97,24.0,39.0,3231.66137
xcl97,24.0,39.0,3240.82886
xcl97,24.0,39.0,3247.49912
xcl97,24.0,39.0,3254.14119
xcl97,23.0,38.0,3263.30773
xcl97,23.0,38.0,3272.50682
xcl97,23.0,38.0,3281.70949
xcl97,23.0,38.0,3285.82051
xcl97,23.0,38.0,3294.98678
xcl97,23.0,38.0,3304.19545
xcl97,23.0,38.0,3308.30049
xcl97,23.0,38.0,3314.94154
xcl97,23.0,38.0,3321.5765
xcl97,24.0,38.0,3328.21894
xcl97,24.0,38.0,3334.85985
xcl97,24.0,38.0,3341.50017
xcl97,24.0,38.0,3353.19724
xcl97,24.0,38.0,3359.86922
xcl97,24.0,38.0,3366.54096
xcl97,24.0,38.0,3373.19065
xcl97,24.0,38.0,3382.34916
xcl97,24.0,38.0,3386.45939
xcl97,24.0,37.0,3395.62788
xcl97,24.0,37.0,3402.30019
xcl97,24.0,37.0,3411.46955
xcl97,24.0,37.0,3415.58044
xcl97,24.0,37.0,3422.22025
xcl97,24.0,37.0,3431.38658
xcl97,25.0,37.0,3438.06107
xcl97,25.0,37.0,3444.7
xcl97,25.0,37.0,3451.33986
xcl97,25.0,37.0,3457.97973
xcl97,25.0,37.0,3464.62029
xcl97,25.0,37.0,3471.2612
xcl97,25.0,37.0,3477.9005
xcl97,26.0,37.0,3484.54122
xcl97,26.0,37.0,3491.18123
xcl97,26.0,36.0,3497.81983
xcl97,26.0,36.0,3509.51416
xcl97,26.0,36.0,3516.13733
xcl97,26.0,36.0,3525.30689
xcl97,26.0,36.0,3531.98117
xcl97,26.0,36.0,3552.93905
xcl97,27.0,36.0,3558.05901
xcl97,27.0,36.0,3564.30156
xcl97,27.0,36.0,3600.71423
xcl97,27.0,36.0,3605.51143
xcl97,27.0,36.0,3614.66789
xcl97,27.0,36.0,3621.34098
xcl97,27.0,36.0,3627.97984
xcl97,27.0,36.0,3634.62127
xcl97,27.0,36.0,3641.26152
xcl97,27.0,36.0,3647.90028
xcl97,27.0,36.0,3654.53988
xcl97,27.0,36.0,3670.39934
xcl97,27.0,36.0,3681.41982
xcl97,28.0,36.0,3693.11645
xcl97,28.0,36.0,3700.34779
xcl97,28.0,36.0,3706.9852
xcl97,28.0,36.0,3713.0728
xcl97,28.0,36.0,3717.17985
xcl97,27.0,36.0,3728.11921
xcl97,27.0,36.0,3745.88072
