O02,-200,-200,-200,-200,-200,-78,-200,-200,-200,-200,-200,-200,-200
P01,-200,-200,-200,-200,-200,-78,-200,-200,-200,-200,-200,-200,-200
P01,-200,-200,-200,-200,-200,-77,-200,-200,-200,-200,-200,-200,-200
P01,-200,-200,-200,-200,-200,-77,-200,-200,-200,-200,-200,-200,-200
P01,-200,-200,-200,-200,-200,-77,-200,-200,-200,-200,-200,-200,-200
P01,-200,-200,-82,-200,-200,-200,-200,-200,-200,-200,-200,-200,-200
P01,-200,-200,-80,-200,-200,-77,-200,-200,-200,-200,-200,-200,-200
P02,-200,-200,-86,-200,-200,-200,-200,-200,-200,-200,-200,-200,-200
R01,-200,-200,-200,-75,-200,-200,-200,-200,-200,-200,-200,-200,-200
R01,-200,-200,-200,-75,-200,-200,-200,-200,-200,-200,-200,-200,-200
R01,-200,-200,-200,-80,-200,-200,-200,-200,-200,-200,-200,-200,-200
R01,-200,-200,-200,-78,-200,-200,-200,-200,-200,-200,-200,-200,-200
R01,-200,-200,-200,-78,-200,-200,-200,-200,-200,-200,-200,-200,-200
R02,-200,-200,-200,-78,-200,-200,-200,-200,-200,-200,-200,-200,-200
R02,-200,-200,-200,-76,-200,-200,-200,-200,-200,-200,-200,-200,-200
R02,-200,-200,-200,-78,-200,-200,-200,-200,-200,-200,-200,-200,-200
R02,-200,-200,-200,-74,-200,-200,-200,-200,-200,-200,-200,-200,-200
R02,-200,-200,-200,-76,-200,-200,-200,-200,-200,-200,-200,-200,-200
R02,-200,-200,-200,-72,-200,-200,-200,-200,-200,-200,-200,-200,-200
R02,-200,-200,-200,-78,-200,-200,-200,-200,-200,-200,-200,-200,-200
R02,-200,-200,-200,-70,-200,-200,-200,-200,-200,-200,-200,-200,-200
R02,-200,-200,-200,-69,-200,-200,-200,-200,-200,-200,-200,-200,-200
S01,-200,-200,-200,-74,-200,-200,-200,-200,-200,-200,-200,-200,-200
S01,-200,-200,-200,-76,-200,-200,-200,-200,-200,-200,-200,-200,-200
S01,-200,-200,-200,-76,-200,-200,-200,-200,-200,-200,-200,-200,-200
S01,-200,-200,-200,-73,-200,-200,-200,-200,-200,-200,-200,-200,-200
S01,-200,-200,-200,-74,-200,-200,-200,-200,-200,-200,-200,-200,-200
S01,-200,-200,-200,-78,-200,-200,-200,-200,-200,-200,-200,-200,-200
S01,-200,-200,-200,-78,-200,-200,-200,-200,-200,-200,-200,-200,-200
S01,-200,-200,-200,-77,-200,-200,-200,-200,-200,-200,-200,-200,-200
S01,-200,-200,-200,-78,-200,-200,-200,-200,-200,-200,-200,-200,-200
S01,-200,-200,-200,-79,-200,-200,-200,-200,-200,-200,-200,-200,-200
S02,-200,-200,-200,-72,-200,-200,-200,-200,-200,-200,-200,-200,-200
S02,-200,-200,-200,-74,-200,-200,-200,-200,-200,-200,-200,-200,-200
S02,-200,-200,-200,-71,-200,-200,-200,-200,-200,-200,-200,-200,-200
S02,-200,-200,-200,-76,-200,-200,-200,-200,-200,-200,-200,-200,-200
S02,-200,-200,-200,-75,-200,-200,-200,-200,-200,-200,-200,-200,-200
S02,-200,-200,-200,-74,-200,-200,-200,-200,-200,-200,-200,-200,-200
S02,-200,-200,-200,-78,-200,-200,-200,-200,-200,-200,-200,-200,-200
T01,-200,-200,-200,-79,-200,-200,-200,-200,-200,-200,-200,-200,-200
T01,-200,-200,-200,-80,-200,-200,-200,-200,-200,-200,-200,-200,-200
U02,-200,-86,-200,-200,-200,-200,-200,-200,-200,-200,-200,-200,-200
U01,-200,-200,-200,-80,-200,-200,-200,-200,-200,-200,-200,-200,-200
U01,-200,-200,-88,-81,-200,-200,-200,-200,-200,-200,-200,-200,-200
U01,-200,-200,-200,-81,-200,-200,-200,-200,-200,-200,-200,-200,-200
U01,-200,-200,-200,-79,-200,-200,-200,-200,-200,-200,-200,-200,-200
U02,-200,-200,-200,-77,-200,-200,-200,-200,-200,-200,-200,-200,-200
J03,-200,-63,-200,-200,-200,-200,-200,-200,-200,-200,-200,-200,-200
J03,-200,-64,-200,-200,-200,-200,-200,-200,-200,-200,-200,-200,-200
J03,-200,-62,-200,-200,-200,-200,-200,-200,-200,-200,-200,-200,-200
J03,-200,-63,-81,-200,-200,-200,-200,-200,-200,-200,-200,-200,-200
J03,-200,-63,-76,-200,-200,-200,-200,-200,-200,-200,-200,-200,-200
K03,-200,-80,-200,-200,-200,-200,-200,-200,-200,-200,-200,-200,-200
K03,-200,-200,-83,-200,-200,-200,-200,-200,-200,-200,-200,-200,-200
K03,-200,-72,-200,-200,-200,-200,-200,-200,-200,-200,-200,-200,-200
K03,-200,-200,-79,-200,-200,-200,-200,-200,-200,-200,-200,-200,-200
K03,-200,-72,-82,-200,-200,-200,-200,-200,-200,-200,-200,-200,-200
K03,-200,-200,-82,-200,-200,-77,-200,-200,-200,-200,-200,-200,-200
K03,-200,-75,-77,-200,-200,-200,-200,-200,-200,-200,-200,-200,-200
K03,-200,-77,-200,-200,-200,-200,-200,-200,-200,-200,-200,-200,-200
L03,-200,-76,-78,-200,-200,-200,-200,-200,-200,-200,-200,-200,-200
L03,-200,-76,-79,-200,-200,-200,-200,-200,-200,-200,-200,-200,-200
L03,-200,-77,-200,-200,-200,-200,-200,-200,-200,-200,-200,-200,-200
L03,-200,-77,-80,-200,-200,-200,-200,-200,-200,-200,-200,-200,-200
L03,-200,-75,-75,-200,-81,-200,-200,-200,-200,-200,-200,-200,-200
L03,-200,-78,-75,-200,-200,-200,-200,-200,-200,-200,-200,-200,-200
M03,-200,-200,-65,-200,-200,-77,-200,-200,-200,-200,-200,-200,-200
M03,-200,-200,-66,-200,-80,-75,-200,-200,-200,-200,-200,-200,-200
M03,-200,-200,-64,-200,-200,-71,-200,-200,-200,-200,-200,-200,-200
M03,-200,-200,-64,-200,-200,-71,-200,-200,-200,-200,-200,-200,-200
M03,-200,-200,-70,-200,-200,-72,-200,-200,-200,-200,-200,-200,-200
M03,-200,-200,-74,-200,-200,-72,-200,-200,-200,-200,-200,-200,-200
N03,-200,-200,-70,-200,-81,-77,-200,-200,-200,-200,-200,-200,-200
N03,-200,-200,-72,-200,-82,-75,-200,-200,-200,-200,-200,-200,-200
N03,-200,-200,-75,-82,-200,-74,-200,-200,-200,-200,-200,-200,-200
N03,-200,-200,-69,-200,-200,-75,-200,-200,-200,-200,-200,-200,-200
N03,-200,-200,-71,-200,-200,-76,-200,-200,-200,-200,-200,-200,-200
N03,-200,-200,-81,-200,-200,-76,-200,-200,-200,-200,-200,-200,-200
O03,-200,-200,-76,-200,-200,-70,-200,-200,-200,-200,-200,-200,-200
O03,-200,-200,-200,-77,-200,-200,-200,-200,-200,-200,-200,-200,-200
O03,-200,-200,-78,-79,-200,-200,-200,-200,-200,-200,-200,-200,-200
P03,-200,-200,-82,-73,-200,-200,-200,-200,-200,-200,-200,-200,-200
P03,-200,-200,-80,-74,-200,-200,-200,-200,-200,-200,-200,-200,-200
P03,-200,-200,-83,-200,-200,-200,-200,-200,-200,-200,-200,-200,-200
P03,-200,-200,-82,-81,-200,-200,-200,-200,-200,-200,-200,-200,-200
P03,-200,-200,-200,-76,-200,-200,-200,-200,-200,-200,-200,-200,-200
P03,-200,-200,-200,-75,-200,-200,-200,-200,-200,-200,-200,-200,-200
Q03,-200,-200,-200,-77,-200,-200,-200,-200,-200,-200,-200,-200,-200
Q03,-200,-200,-200,-76,-200,-200,-200,-200,-200,-200,-200,-200,-200
Q03,-200,-200,-82,-82,-200,-200,-200,-200,-200,-200,-200,-200,-200
Q03,-200,-200,-200,-75,-200,-200,-200,-200,-200,-200,-200,-200,-200
Q03,-200,-200,-79,-77,-200,-200,-200,-200,-200,-200,-200,-200,-200
Q03,-200,-200,-200,-76,-200,-200,-200,-200,-200,-200,-200,-200,-200
Q03,-200,-200,-200,-75,-200,-200,-200,-200,-200,-200,-200,-200,-200
Q03,-200,-200,-200,-73,-200,-200,-200,-200,-200,-200,-200,-200,-200
Q03,-200,-200,-200,-74,-200,-200,-200,-200,-200,-200,-200,-200,-200
R03,-200,-200,-200,-77,-200,-200,-200,-200,-200,-200,-200,-200,-200
R03,-200,-200,-200,-76,-200,-200,-200,-200,-200,-200,-200,-200,-200
R03,-200,-200,-200,-76,-200,-200,-200,-200,-200,-200,-200,-200,-200
R03,-200,-200,-200,-78,-200,-200,-200,-200,-200,-200,-200,-200,-200
R03,-200,-200,-200,-71,-200,-200,-200,-200,-200,-200,-200,-200,-200
R03,-200,-200,-200,-72,-200,-200,-200,-200,-200,-200,-200,-200,-200
S03,-200,-200,-200,-70,-200,-200,-200,-200,-200,-200,-200,-200,-200
T03,-200,-200,-200,-78,-200,-200,-200,-200,-200,-200,-200,-200,-200
T03,-200,-200,-200,-77,-200,-200,-200,-200,-200,-200,-200,-200,-200
T03,-200,-200,-200,-73,-200,-200,-200,-200,-200,-200,-200,-200,-200
U03,-200,-200,-200,-77,-200,-200,-200,-200,-200,-200,-200,-200,-200
U03,-200,-200,-200,-70,-200,-200,-200,-200,-200,-200,-200,-200,-200
U03,-200,-200,-200,-71,-200,-200,-200,-200,-200,-200,-200,-200,-200
U03,-200,-200,-200,-72,-200,-200,-200,-200,-200,-200,-200,-200,-200
U03,-200,-200,-200,-74,-200,-200,-200,-200,-200,-200,-200,-200,-200
U03,-200,-200,-200,-78,-200,-200,-200,-200,-200,-200,-200,-200,-200
U03,-200,-200,-200,-80,-200,-200,-200,-200,-200,-200,-200,-200,-200
U04,-200,-200,-200,-71,-200,-200,-200,-200,-200,-200,-200,-200,-200
U04,-200,-200,-200,-70,-200,-200,-200,-200,-200,-200,-200,-200,-200
U04,-200,-200,-200,-72,-200,-200,-200,-200,-200,-200,-200,-200,-200
T04,-200,-200,-200,-70,-200,-200,-200,-200,-200,-200,-200,-200,-200
T04,-200,-200,-200,-68,-200,-200,-200,-200,-200,-200,-200,-200,-200
T04,-200,-200,-200,-67,-200,-200,-200,-200,-200,-200,-200,-200,-200
T04,-200,-200,-200,-67,-200,-200,-200,-200,-200,-200,-200,-200,-200
T04,-200,-200,-200,-69,-200,-200,-200,-200,-200,-200,-200,-200,-200
T04,-200,-200,-200,-69,-200,-200,-200,-200,-200,-200,-200,-200,-200
S04,-200,-200,-200,-61,-200,-200,-200,-200,-200,-200,-200,-200,-200
S04,-200,-200,-200,-59,-200,-200,-200,-200,-200,-200,-200,-200,-200
S04,-200,-200,-81,-62,-200,-200,-200,-200,-200,-200,-200,-200,-200
S04,-200,-200,-80,-66,-200,-200,-200,-200,-200,-200,-200,-200,-200
S04,-200,-200,-200,-64,-200,-200,-200,-200,-200,-200,-200,-200,-200
S04,-200,-200,-200,-61,-200,-200,-200,-200,-200,-200,-200,-200,-200
R04,-200,-200,-81,-72,-200,-200,-200,-200,-200,-200,-200,-200,-200
R04,-200,-200,-80,-69,-200,-200,-200,-200,-200,-200,-200,-200,-200
R04,-200,-200,-200,-72,-200,-200,-200,-200,-200,-200,-200,-200,-200
R04,-200,-200,-76,-77,-200,-200,-200,-200,-200,-200,-200,-200,-200
R04,-200,-200,-200,-69,-200,-200,-200,-200,-200,-200,-200,-200,-200
Q04,-200,-200,-78,-200,-200,-200,-200,-200,-200,-200,-200,-200,-200
Q04,-200,-200,-75,-79,-200,-200,-200,-200,-200,-200,-200,-200,-200
Q04,-200,-200,-76,-80,-200,-200,-200,-200,-200,-200,-200,-200,-200
Q04,-200,-78,-200,-81,-200,-200,-200,-200,-200,-200,-200,-200,-200
Q04,-200,-200,-76,-200,-200,-200,-200,-200,-200,-200,-200,-200,-200
Q04,-200,-78,-75,-200,-200,-200,-200,-200,-200,-200,-200,-200,-200
Q04,-200,-200,-75,-200,-200,-200,-80,-200,-200,-200,-200,-200,-200
Q04,-200,-78,-73,-200,-200,-200,-80,-200,-200,-200,-200,-200,-200
P04,-200,-79,-76,-200,-200,-200,-200,-200,-200,-200,-200,-200,-200
P04,-200,-80,-77,-200,-200,-200,-200,-200,-200,-200,-200,-200,-200
P04,-200,-200,-72,-200,-200,-200,-200,-200,-200,-200,-200,-200,-200
P04,-200,-79,-82,-200,-200,-200,-200,-200,-200,-200,-200,-200,-200
O04,-200,-200,-67,-200,-200,-200,-200,-200,-200,-200,-200,-200,-200
O04,-200,-77,-64,-200,-200,-200,-200,-200,-200,-200,-200,-200,-200
O04,-200,-76,-72,-200,-200,-200,-200,-200,-200,-200,-200,-200,-200
O04,-200,-79,-76,-200,-200,-200,-200,-200,-200,-200,-200,-200,-200
O04,-200,-200,-70,-200,-200,-200,-200,-200,-200,-200,-200,-200,-200
O04,-200,-200,-75,-200,-200,-200,-200,-200,-200,-200,-200,-200,-200
O04,-200,-76,-67,-200,-200,-77,-200,-200,-200,-200,-200,-200,-200
O04,-200,-80,-62,-200,-200,-82,-200,-200,-200,-200,-200,-200,-200
O04,-200,-76,-63,-200,-200,-80,-200,-200,-200,-200,-200,-200,-200
O04,-200,-72,-57,-200,-200,-75,-200,-200,-200,-200,-200,-200,-200
O04,-200,-76,-64,-200,-200,-76,-200,-200,-200,-200,-200,-200,-200
O04,-200,-76,-61,-200,-200,-200,-200,-200,-200,-200,-200,-200,-200
N04,-200,-80,-61,-200,-200,-200,-200,-200,-200,-200,-200,-200,-200
N04,-200,-80,-61,-200,-200,-78,-200,-200,-200,-200,-200,-200,-200
N04,-200,-77,-200,-200,-200,-200,-200,-200,-200,-200,-200,-200,-200
N04,-200,-75,-69,-200,-200,-200,-200,-200,-200,-200,-200,-200,-200
N04,-200,-74,-72,-200,-200,-200,-200,-200,-200,-200,-200,-200,-200
M04,-200,-74,-200,-200,-200,-200,-200,-200,-200,-200,-200,-200,-200
M04,-200,-200,-75,-200,-200,-200,-200,-200,-200,-200,-200,-200,-200
M04,-200,-200,-76,-200,-200,-200,-200,-200,-200,-200,-200,-200,-200
M04,-200,-200,-79,-200,-200,-200,-200,-200,-200,-200,-200,-200,-200
M04,-200,-80,-79,-200,-200,-200,-200,-200,-200,-200,-200,-200,-200
M04,-200,-72,-200,-200,-200,-200,-200,-200,-200,-200,-200,-200,-200
M04,-200,-74,-200,-200,-200,-200,-200,-200,-200,-200,-200,-200,-200
M04,-200,-72,-200,-200,-200,-200,-200,-200,-200,-200,-200,-200,-200
M04,-200,-71,-80,-200,-200,-200,-200,-200,-200,-200,-200,-200,-200
L04,-200,-71,-81,-200,-200,-200,-200,-200,-200,-200,-200,-200,-200
L04,-200,-70,-79,-200,-200,-200,-200,-200,-200,-200,-200,-200,-200
L04,-200,-63,-200,-200,-200,-200,-200,-200,-200,-200,-200,-200,-200
L04,-200,-65,-200,-200,-200,-200,-200,-200,-200,-200,-200,-200,-200
L04,-200,-65,-200,-200,-200,-200,-200,-200,-200,-200,-200,-200,-200
L04,-200,-65,-200,-200,-200,-200,-200,-200,-200,-200,-200,-200,-200
L04,-200,-69,-200,-200,-200,-80,-200,-200,-200,-200,-200,-200,-200
L04,-200,-200,-86,-200,-200,-200,-200,-200,-200,-200,-200,-200,-200
K04,-200,-66,-82,-200,-200,-81,-200,-200,-200,-200,-200,-200,-200
K04,-200,-65,-200,-200,-200,-200,-200,-200,-200,-200,-200,-200,-200
K04,-200,-64,-200,-200,-200,-200,-200,-200,-200,-200,-200,-200,-200
K04,-200,-66,-200,-200,-200,-200,-200,-200,-200,-200,-200,-200,-200
K04,-200,-61,-200,-200,-200,-200,-200,-200,-200,-200,-200,-200,-200
K04,-200,-65,-200,-200,-200,-200,-200,-200,-200,-200,-200,-200,-200
K04,-200,-62,-200,-200,-200,-200,-200,-200,-200,-200,-200,-200,-200
K04,-200,-63,-200,-200,-200,-200,-200,-200,-200,-200,-200,-200,-200
K04,-200,-67,-78,-200,-200,-200,-200,-200,-200,-200,-200,-200,-200
K04,-200,-65,-200,-200,-200,-200,-200,-200,-200,-200,-200,-200,-200
K04,-200,-65,-80,-200,-200,-200,-200,-200,-200,-200,-200,-200,-200
K04,-200,-65,-76,-200,-200,-200,-200,-200,-200,-200,-200,-200,-200
J04,-200,-65,-200,-200,-200,-200,-200,-200,-200,-200,-200,-200,-200
J04,-200,-69,-80,-200,-200,-200,-200,-200,-200,-200,-200,-200,-200
J04,-200,-67,-200,-200,-200,-200,-200,-200,-200,-200,-200,-200,-200
J04,-200,-67,-200,-200,-200,-200,-200,-200,-200,-200,-200,-200,-200
J04,-200,-66,-200,-200,-200,-200,-200,-200,-200,-200,-200,-200,-200
J04,-200,-75,-82,-200,-200,-200,-200,-200,-200,-200,-200,-200,-200
J04,-200,-72,-200,-200,-200,-200,-200,-200,-200,-200,-200,-200,-200
J04,-200,-74,-80,-200,-200,-200,-200,-200,-200,-200,-200,-200,-200
I04,-200,-64,-200,-200,-200,-200,-200,-200,-200,-200,-200,-200,-200
I04,-200,-64,-200,-200,-200,-200,-200,-200,-200,-200,-200,-200,-200
I04,-200,-77,-200,-200,-200,-200,-200,-200,-200,-200,-200,-200,-200
I04,-200,-75,-200,-200,-200,-200,-200,-200,-200,-200,-200,-200,-200
I04,-75,-198,-200,-200,-200,-200,-200,-200,-200,-200,-200,-200,-200
I05,-200,-67,-200,-200,-200,-200,-200,-200,-200,-200,-200,-200,-200
I05,-200,-72,-200,-200,-200,-200,-200,-200,-200,-200,-200,-200,-200
I05,-200,-70,-200,-200,-200,-200,-200,-200,-200,-200,-200,-200,-200
I05,-200,-74,-200,-200,-200,-200,-200,-200,-200,-200,-200,-200,-200
I05,-200,-77,-200,-200,-200,-200,-200,-200,-200,-200,-200,-200,-200
I05,-200,-65,-200,-200,-200,-200,-200,-200,-200,-200,-200,-200,-200
J05,-200,-63,-200,-200,-200,-200,-200,-200,-200,-200,-200,-200,-200
J05,-200,-64,-200,-200,-200,-200,-200,-81,-200,-200,-200,-200,-200
J05,-200,-68,-200,-200,-200,-200,-200,-200,-200,-200,-200,-200,-200
J05,-200,-70,-200,-200,-200,-200,-200,-200,-200,-200,-200,-200,-200
J05,-200,-66,-200,-200,-82,-200,-200,-200,-200,-200,-200,-200,-200
J05,-200,-65,-200,-200,-200,-200,-200,-200,-200,-200,-200,-200,-200
K05,-200,-71,-200,-200,-200,-200,-200,-200,-200,-200,-200,-200,-200
K05,-200,-75,-200,-200,-200,-200,-200,-200,-200,-200,-200,-200,-200
K05,-200,-68,-200,-200,-200,-200,-200,-200,-200,-200,-200,-200,-200
K05,-200,-69,-200,-200,-200,-200,-200,-200,-200,-200,-200,-200,-200
K05,-200,-69,-200,-200,-200,-200,-200,-200,-200,-200,-200,-200,-200
K05,-200,-77,-200,-78,-200,-76,-200,-200,-200,-200,-200,-200,-200
K05,-200,-80,-200,-200,-200,-78,-200,-200,-200,-200,-200,-200,-200
L05,-200,-200,-200,-200,-200,-73,-200,-200,-200,-200,-200,-200,-200
L05,-200,-200,-200,-200,-200,-73,-200,-200,-200,-200,-200,-200,-200
L05,-200,-76,-200,-80,-200,-200,-200,-200,-200,-200,-200,-200,-200
L05,-200,-80,-200,-200,-200,-200,-200,-200,-200,-200,-200,-200,-200
L05,-200,-76,-200,-200,-200,-200,-200,-200,-200,-200,-200,-200,-200
M05,-200,-200,-200,-200,-80,-200,-200,-200,-200,-200,-200,-200,-200
M05,-200,-80,-200,-200,-78,-200,-200,-200,-200,-200,-200,-200,-200
M05,-200,-200,-200,-200,-200,-78,-200,-200,-200,-200,-200,-200,-200
M05,-200,-200,-200,-200,-200,-81,-200,-200,-200,-200,-200,-200,-200
M05,-200,-200,-200,-77,-200,-77,-200,-200,-200,-200,-200,-200,-200
N05,-200,-200,-200,-200,-200,-77,-200,-200,-200,-200,-200,-200,-200
N05,-200,-200,-200,-200,-200,-75,-200,-200,-200,-200,-200,-200,-200
N05,-200,-200,-200,-200,-200,-78,-200,-200,-200,-200,-200,-200,-200
N05,-200,-200,-200,-200,-200,-72,-200,-200,-200,-200,-200,-200,-200
N05,-200,-200,-200,-200,-200,-77,-200,-200,-200,-200,-200,-200,-200
N05,-200,-200,-200,-79,-82,-200,-200,-200,-200,-200,-200,-200,-200
O05,-200,-200,-200,-80,-200,-76,-200,-200,-200,-200,-200,-200,-200
O05,-200,-200,-200,-79,-200,-77,-200,-200,-200,-200,-200,-200,-200
O05,-200,-200,-200,-73,-200,-80,-200,-200,-200,-200,-200,-200,-200
O05,-200,-200,-200,-73,-200,-200,-200,-200,-200,-200,-200,-200,-200
O05,-200,-200,-200,-81,-200,-73,-200,-200,-200,-200,-200,-200,-200
O05,-200,-200,-200,-78,-200,-74,-200,-200,-200,-200,-200,-200,-200
O05,-200,-200,-200,-77,-200,-200,-200,-200,-200,-200,-200,-200,-200
O05,-200,-200,-200,-77,-200,-200,-200,-200,-200,-200,-200,-200,-200
O05,-200,-200,-200,-71,-200,-200,-200,-200,-200,-200,-200,-200,-200
O05,-200,-200,-200,-72,-200,-200,-200,-200,-200,-200,-200,-200,-200
O05,-200,-200,-200,-72,-200,-200,-200,-200,-200,-200,-200,-200,-200
O05,-200,-200,-200,-76,-200,-200,-200,-200,-200,-200,-200,-200,-200
P05,-200,-200,-200,-76,-200,-78,-200,-200,-200,-200,-200,-200,-200
P05,-200,-200,-200,-80,-200,-80,-200,-200,-200,-200,-200,-200,-200
P05,-200,-200,-200,-72,-200,-200,-200,-200,-200,-200,-200,-200,-200
P05,-200,-200,-200,-71,-200,-200,-200,-200,-200,-200,-200,-200,-200
P05,-200,-200,-200,-200,-200,-75,-200,-200,-200,-200,-200,-200,-200
P05,-200,-200,-200,-79,-200,-75,-200,-200,-200,-200,-200,-200,-200
Q05,-200,-200,-200,-200,-200,-80,-200,-200,-200,-200,-200,-200,-200
Q05,-200,-200,-200,-75,-200,-200,-200,-200,-200,-200,-200,-200,-200
Q05,-200,-200,-200,-74,-200,-200,-200,-200,-200,-200,-200,-200,-200
Q05,-200,-200,-200,-79,-200,-200,-200,-200,-200,-200,-200,-200,-200
Q05,-200,-200,-200,-72,-200,-200,-200,-200,-200,-200,-200,-200,-200
Q05,-200,-200,-200,-76,-200,-200,-200,-200,-200,-200,-200,-200,-200
Q05,-200,-200,-200,-69,-200,-200,-200,-200,-200,-200,-200,-200,-200
Q05,-200,-200,-200,-69,-200,-200,-200,-200,-200,-200,-200,-200,-200
Q05,-200,-200,-200,-75,-200,-200,-200,-200,-200,-200,-200,-200,-200
Q05,-200,-200,-200,-67,-200,-200,-200,-200,-200,-200,-200,-200,-200
Q05,-200,-200,-200,-81,-200,-200,-200,-200,-200,-200,-200,-200,-200
Q05,-200,-80,-200,-78,-200,-200,-200,-200,-200,-200,-200,-200,-200
R05,-200,-200,-200,-70,-200,-200,-81,-200,-200,-200,-200,-200,-200
R05,-200,-200,-200,-65,-200,-200,-200,-200,-200,-200,-200,-200,-200
R05,-200,-200,-200,-200,-200,-200,-79,-200,-200,-200,-200,-200,-200
R05,-200,-200,-200,-77,-200,-200,-81,-200,-200,-200,-200,-200,-200
R05,-200,-200,-200,-76,-200,-200,-200,-200,-200,-200,-200,-200,-200
R05,-200,-200,-200,-75,-200,-200,-200,-200,-200,-200,-200,-200,-200
R05,-200,-200,-200,-79,-200,-200,-200,-200,-200,-200,-200,-200,-200
R05,-200,-200,-200,-71,-200,-200,-200,-200,-200,-200,-200,-200,-200
S05,-200,-200,-200,-70,-200,-200,-200,-200,-200,-200,-200,-200,-200
S05,-200,-200,-200,-76,-200,-200,-200,-200,-200,-200,-200,-200,-200
S05,-200,-200,-200,-70,-200,-200,-200,-200,-200,-200,-200,-200,-200
S05,-200,-200,-200,-70,-200,-200,-200,-200,-200,-200,-200,-200,-200
S05,-200,-200,-200,-65,-200,-200,-82,-200,-200,-200,-200,-200,-200
T05,-200,-200,-200,-78,-200,-200,-200,-200,-200,-200,-200,-200,-200
T05,-200,-200,-200,-76,-200,-200,-200,-200,-200,-200,-200,-200,-200
T05,-200,-200,-200,-200,-200,-200,-79,-200,-200,-200,-200,-200,-200
T05,-200,-200,-200,-80,-200,-200,-200,-200,-200,-200,-200,-200,-200
T05,-200,-200,-200,-81,-200,-200,-200,-200,-200,-200,-200,-200,-200
U05,-200,-200,-200,-77,-200,-200,-200,-200,-200,-200,-200,-200,-200
U05,-200,-200,-200,-77,-200,-200,-200,-200,-200,-200,-200,-200,-200
U05,-200,-200,-200,-71,-200,-200,-200,-200,-200,-200,-200,-200,-200
U05,-200,-200,-200,-71,-200,-200,-200,-200,-200,-200,-200,-200,-200
S06,-200,-200,-200,-78,-200,-200,-79,-200,-200,-200,-200,-200,-200
S06,-200,-200,-200,-78,-200,-200,-200,-200,-200,-200,-200,-200,-200
S06,-200,-200,-200,-200,-200,-200,-79,-200,-200,-200,-200,-200,-200
S06,-200,-200,-200,-82,-200,-200,-78,-200,-200,-200,-200,-200,-200
S06,-200,-200,-200,-77,-200,-200,-82,-200,-200,-200,-200,-200,-200
S06,-200,-200,-200,-74,-200,-200,-200,-200,-200,-200,-200,-200,-200
R06,-200,-200,-200,-200,-200,-200,-76,-200,-200,-200,-200,-200,-200
R06,-200,-200,-200,-78,-200,-200,-79,-200,-200,-200,-200,-200,-200
R06,-200,-200,-200,-200,-200,-200,-80,-200,-200,-200,-200,-200,-200
Q06,-200,-200,-200,-200,-200,-75,-200,-200,-200,-200,-200,-200,-200
Q06,-200,-200,-200,-200,-200,-80,-200,-200,-200,-200,-200,-200,-200
P06,-200,-200,-200,-80,-200,-80,-200,-200,-200,-200,-200,-200,-200
P06,-200,-200,-200,-200,-200,-78,-200,-200,-200,-200,-200,-200,-200
P06,-200,-200,-200,-81,-200,-76,-200,-200,-200,-200,-200,-200,-200
P06,-200,-200,-200,-200,-200,-76,-200,-200,-200,-200,-200,-200,-200
O06,-200,-200,-200,-200,-200,-73,-200,-200,-200,-200,-200,-200,-200
O06,-200,-200,-200,-200,-200,-68,-200,-200,-200,-200,-200,-200,-200
O06,-200,-200,-200,-200,-200,-66,-200,-200,-200,-200,-200,-200,-200
O06,-200,-200,-200,-200,-200,-80,-200,-200,-200,-200,-200,-200,-200
O06,-200,-200,-200,-200,-200,-77,-200,-200,-200,-200,-200,-200,-200
O06,-200,-200,-200,-200,-200,-69,-200,-200,-200,-200,-200,-200,-200
O06,-200,-200,-200,-200,-200,-72,-200,-200,-200,-200,-200,-200,-200
N06,-200,-200,-200,-200,-200,-66,-200,-200,-200,-200,-200,-200,-200
N06,-200,-200,-200,-200,-200,-66,-200,-200,-200,-200,-200,-200,-200
N06,-200,-200,-200,-200,-200,-67,-200,-200,-200,-200,-200,-200,-200
N06,-200,-200,-200,-200,-200,-62,-200,-200,-200,-200,-200,-200,-200
N06,-200,-200,-200,-200,-200,-68,-200,-200,-200,-200,-200,-200,-200
N06,-200,-200,-200,-200,-200,-66,-200,-200,-200,-200,-200,-200,-200
M06,-200,-200,-200,-200,-80,-76,-200,-200,-200,-200,-200,-200,-200
M06,-200,-200,-200,-200,-200,-68,-200,-200,-200,-200,-200,-200,-200
M06,-200,-200,-200,-200,-200,-69,-200,-200,-200,-200,-200,-200,-200
M06,-200,-80,-200,-200,-80,-70,-200,-200,-200,-200,-200,-200,-200
M06,-200,-200,-200,-200,-78,-71,-200,-200,-200,-200,-200,-200,-200
M06,-200,-200,-200,-200,-81,-71,-200,-200,-200,-200,-200,-200,-200
M06,-200,-200,-200,-200,-74,-200,-200,-200,-200,-200,-200,-200,-200
M06,-200,-200,-200,-200,-83,-200,-200,-200,-200,-200,-200,-200,-200
M06,-200,-200,-200,-200,-200,-86,-200,-200,-200,-200,-200,-200,-200
M06,-200,-200,-200,-200,-81,-83,-200,-200,-200,-200,-200,-200,-200
L06,-200,-200,-200,-200,-77,-200,-200,-200,-200,-200,-200,-200,-200
L06,-200,-200,-200,-200,-79,-200,-200,-200,-200,-200,-200,-200,-200
L06,-200,-200,-200,-200,-81,-200,-200,-200,-200,-200,-200,-200,-200
L06,-200,-200,-200,-200,-82,-200,-200,-200,-200,-200,-200,-200,-200
L06,-200,-200,-200,-200,-79,-80,-200,-200,-200,-200,-200,-200,-200
L06,-200,-200,-200,-200,-73,-200,-200,-200,-200,-200,-200,-200,-200
L06,-200,-200,-200,-200,-200,-81,-200,-200,-200,-200,-200,-200,-200
L06,-200,-200,-200,-200,-78,-75,-200,-200,-200,-200,-200,-200,-200
L06,-200,-200,-200,-200,-78,-200,-200,-200,-200,-200,-200,-200,-200
K06,-200,-200,-200,-200,-200,-81,-200,-200,-200,-200,-200,-200,-200
K06,-200,-200,-200,-200,-79,-77,-200,-200,-200,-200,-200,-200,-200
K06,-200,-200,-200,-200,-72,-200,-200,-200,-200,-200,-200,-200,-200
K06,-200,-78,-200,-200,-200,-200,-200,-200,-200,-200,-200,-200,-200
K06,-200,-78,-200,-200,-76,-200,-200,-200,-200,-200,-200,-200,-200
K06,-200,-76,-200,-200,-74,-200,-200,-200,-200,-200,-200,-200,-200
J06,-200,-78,-200,-200,-200,-200,-200,-79,-200,-200,-200,-200,-200
J06,-200,-71,-200,-200,-75,-200,-200,-200,-200,-200,-200,-200,-200
J06,-200,-73,-200,-200,-77,-200,-200,-200,-200,-200,-200,-200,-200
J06,-200,-75,-200,-200,-200,-200,-200,-200,-200,-200,-200,-200,-200
J06,-200,-79,-200,-200,-77,-200,-200,-200,-200,-200,-200,-200,-200
J06,-200,-72,-200,-200,-200,-200,-200,-78,-200,-200,-200,-200,-200
I06,-200,-74,-200,-200,-80,-200,-200,-78,-200,-200,-200,-200,-200
I06,-200,-74,-200,-200,-80,-200,-200,-80,-200,-200,-200,-200,-200
I06,-200,-70,-200,-200,-73,-200,-200,-82,-200,-200,-200,-200,-200
I06,-200,-70,-200,-200,-81,-200,-200,-79,-200,-200,-200,-200,-200
I06,-200,-69,-200,-200,-77,-200,-200,-200,-200,-200,-200,-200,-200
I06,-200,-67,-200,-200,-81,-200,-200,-200,-200,-200,-200,-200,-200
F08,-71,-198,-200,-200,-200,-200,-200,-200,-200,-200,-200,-200,-200
F08,-68,-198,-200,-200,-200,-200,-200,-200,-200,-200,-200,-200,-200
I04,-200,-69,-200,-200,-200,-200,-200,-200,-200,-200,-200,-200,-200
I04,-200,-73,-200,-200,-200,-80,-200,-200,-200,-200,-200,-200,-200
J04,-200,-60,-200,-200,-200,-200,-200,-200,-200,-200,-200,-200,-200
J04,-200,-59,-200,-200,-79,-200,-200,-200,-200,-200,-200,-200,-200
J04,-200,-66,-200,-200,-200,-200,-200,-200,-200,-200,-200,-200,-200
J04,-200,-64,-200,-200,-200,-200,-200,-200,-200,-200,-200,-200,-200
J02,-200,-72,-200,-200,-200,-200,-200,-200,-200,-200,-200,-200,-200
J02,-200,-77,-200,-200,-200,-200,-200,-200,-200,-200,-200,-200,-200
J07,-200,-200,-200,-200,-63,-200,-200,-200,-200,-200,-200,-200,-200
J07,-200,-200,-200,-200,-60,-200,-200,-78,-200,-200,-200,-200,-200
J07,-200,-200,-200,-200,-61,-200,-200,-200,-200,-200,-200,-200,-200
J07,-200,-200,-200,-200,-61,-200,-200,-200,-200,-200,-200,-200,-200
I07,-200,-200,-200,-200,-66,-200,-200,-200,-200,-200,-200,-200,-200
I07,-200,-82,-200,-200,-68,-200,-200,-83,-200,-200,-200,-200,-200
I07,-200,-79,-200,-200,-68,-200,-200,-77,-200,-200,-200,-200,-200
I07,-200,-200,-200,-200,-74,-200,-200,-79,-200,-200,-200,-200,-200
I10,-200,-200,-200,-200,-200,-200,-200,-68,-200,-81,-200,-200,-200
I10,-200,-200,-200,-200,-200,-200,-200,-72,-200,-80,-200,-200,-200
I10,-200,-200,-200,-200,-78,-200,-200,-70,-200,-200,-200,-200,-200
I10,-200,-200,-200,-200,-200,-200,-200,-61,-200,-200,-200,-200,-200
J10,-200,-200,-200,-200,-200,-200,-200,-63,-200,-200,-200,-200,-200
J10,-200,-200,-200,-200,-77,-200,-200,-64,-200,-200,-200,-200,-200
D15,-200,-200,-200,-200,-200,-200,-200,-200,-56,-200,-200,-200,-200
D15,-200,-200,-200,-200,-200,-200,-200,-200,-55,-200,-200,-200,-200
D15,-200,-200,-200,-200,-200,-200,-200,-200,-58,-200,-200,-200,-200
D15,-200,-200,-200,-200,-200,-200,-200,-200,-58,-200,-200,-200,-200
E15,-200,-200,-200,-200,-200,-200,-200,-200,-77,-200,-200,-200,-200
E15,-200,-200,-200,-200,-200,-200,-200,-200,-71,-200,-200,-200,-200
G15,-200,-200,-200,-200,-200,-200,-200,-200,-200,-78,-200,-200,-200
G15,-200,-200,-200,-200,-200,-200,-200,-200,-200,-79,-200,-200,-200
J15,-200,-200,-200,-200,-200,-200,-200,-200,-200,-66,-85,-200,-200
J15,-200,-200,-200,-200,-200,-200,-200,-200,-200,-61,-75,-200,-200
L15,-200,-200,-200,-200,-200,-200,-200,-200,-200,-200,-69,-200,-200
L15,-200,-200,-200,-200,-200,-200,-200,-200,-200,-200,-73,-79,-200
L15,-200,-200,-200,-200,-200,-200,-200,-200,-200,-78,-200,-81,-81
L15,-200,-200,-200,-200,-200,-200,-200,-200,-200,-200,-71,-82,-200
L15,-200,-200,-200,-200,-200,-200,-200,-200,-200,-200,-81,-81,-200
R15,-200,-200,-200,-200,-200,-200,-200,-79,-200,-200,-200,-66,-200
R15,-200,-200,-200,-200,-200,-200,-200,-200,-200,-200,-200,-61,-200
R15,-200,-200,-200,-200,-200,-200,-200,-200,-200,-200,-200,-68,-79
R15,-200,-200,-200,-200,-200,-200,-200,-200,-200,-200,-200,-68,-200
T15,-200,-200,-200,-200,-200,-200,-200,-200,-200,-200,-200,-200,-76
T15,-200,-200,-200,-200,-200,-200,-200,-200,-200,-200,-200,-81,-81
W15,-200,-200,-200,-200,-200,-200,-200,-200,-200,-200,-200,-199,-61
W15,-200,-200,-200,-200,-200,-200,-200,-200,-200,-200,-200,-199,-62
W15,-200,-200,-200,-200,-200,-200,-200,-200,-200,-200,-200,-200,-75
W15,-200,-200,-200,-200,-200,-200,-200,-200,-200,-200,-200,-199,-71
W15,-200,-200,-200,-200,-200,-200,-200,-200,-200,-200,-200,-199,-67
W15,-200,-200,-200,-200,-200,-200,-200,-200,-200,-200,-200,-200,-75
I07,-200,-200,-200,-200,-72,-200,-200,-200,-200,-200,-200,-200,-200
I07,-200,-200,-200,-200,-72,-200,-200,-200,-200,-200,-200,-200,-200
I07,-200,-200,-200,-200,-72,-200,-84,-200,-200,-200,-200,-200,-200
I07,-200,-80,-200,-200,-72,-200,-200,-200,-200,-200,-200,-200,-200
I08,-73,-198,-200,-200,-200,-200,-200,-73,-200,-200,-200,-200,-200
I03,-200,-72,-200,-200,-79,-200,-200,-200,-200,-200,-200,-200,-200
I04,-200,-73,-200,-200,-78,-200,-200,-200,-200,-200,-200,-200,-200
I05,-200,-79,-200,-200,-200,-200,-200,-200,-200,-200,-200,-200,-200
I05,-200,-79,-200,-200,-81,-200,-200,-200,-200,-200,-200,-200,-200
I05,-200,-73,-200,-200,-78,-200,-200,-200,-200,-200,-200,-200,-200
I06,-200,-75,-200,-200,-75,-200,-200,-200,-200,-200,-200,-200,-200
I06,-200,-76,-200,-200,-75,-200,-200,-200,-200,-200,-200,-200,-200
I06,-200,-81,-200,-200,-70,-200,-200,-200,-200,-200,-200,-200,-200
I06,-200,-81,-200,-200,-70,-200,-200,-200,-200,-200,-200,-200,-200
I07,-200,-76,-200,-200,-81,-200,-200,-78,-200,-200,-200,-200,-200
I08,-200,-200,-200,-200,-200,-200,-200,-75,-200,-200,-200,-200,-200
I08,-78,-198,-200,-200,-78,-200,-200,-77,-200,-200,-200,-200,-200
I08,-80,-198,-200,-200,-80,-200,-200,-79,-200,-200,-200,-200,-200
I08,-200,-78,-200,-200,-79,-200,-200,-200,-200,-200,-200,-200,-200
I08,-200,-74,-200,-200,-78,-200,-200,-81,-200,-200,-200,-200,-200
I08,-200,-76,-200,-200,-79,-200,-200,-200,-200,-200,-200,-200,-200
I06,-200,-77,-200,-200,-78,-200,-200,-200,-200,-200,-200,-200,-200
I06,-200,-72,-200,-200,-75,-200,-200,-200,-200,-200,-200,-200,-200
I06,-200,-77,-200,-200,-200,-200,-200,-200,-200,-200,-200,-200,-200
J06,-200,-72,-200,-200,-76,-200,-200,-200,-200,-200,-200,-200,-200
J06,-200,-68,-200,-200,-200,-200,-200,-200,-200,-200,-200,-200,-200
J06,-200,-71,-200,-200,-69,-200,-200,-200,-200,-200,-200,-200,-200
J06,-200,-74,-200,-200,-70,-200,-200,-200,-200,-200,-200,-200,-200
J07,-200,-200,-200,-200,-74,-80,-200,-200,-200,-200,-200,-200,-200
J07,-200,-200,-200,-200,-73,-200,-200,-200,-200,-200,-200,-200,-200
J07,-200,-200,-200,-200,-77,-200,-200,-200,-200,-200,-200,-200,-200
J07,-200,-80,-200,-200,-73,-200,-200,-200,-200,-200,-200,-200,-200
J08,-200,-83,-200,-200,-74,-200,-200,-75,-200,-200,-200,-200,-200
J08,-200,-200,-200,-200,-72,-200,-200,-80,-200,-200,-200,-200,-200
J08,-200,-200,-200,-200,-74,-200,-200,-200,-200,-200,-200,-200,-200
I01,-200,-69,-200,-200,-200,-200,-200,-200,-200,-200,-200,-200,-200
I01,-200,-69,-200,-200,-200,-200,-200,-200,-200,-200,-200,-200,-200
I01,-200,-69,-200,-200,-200,-200,-200,-200,-200,-200,-200,-200,-200
I02,-200,-74,-200,-200,-200,-200,-200,-200,-200,-200,-200,-200,-200
I02,-200,-200,-200,-200,-80,-200,-200,-200,-200,-200,-200,-200,-200
I02,-200,-77,-200,-200,-200,-78,-200,-200,-200,-200,-200,-200,-200
I02,-200,-62,-200,-200,-200,-200,-200,-200,-200,-200,-200,-200,-200
I03,-200,-78,-200,-200,-200,-200,-200,-200,-200,-200,-200,-200,-200
I01,-200,-74,-200,-200,-200,-200,-200,-200,-200,-200,-200,-200,-200
I01,-200,-78,-200,-200,-200,-200,-200,-200,-200,-200,-200,-200,-200
I01,-200,-66,-200,-200,-200,-200,-200,-200,-200,-200,-200,-200,-200
I01,-200,-71,-200,-200,-200,-200,-200,-200,-200,-200,-200,-200,-200
I01,-200,-75,-200,-200,-200,-200,-200,-200,-200,-200,-200,-200,-200
I01,-200,-69,-200,-200,-200,-200,-200,-200,-200,-200,-200,-200,-200
J01,-200,-67,-200,-200,-200,-200,-200,-200,-200,-200,-200,-200,-200
J01,-200,-200,-200,-200,-200,-78,-200,-200,-200,-200,-200,-200,-200
J01,-200,-65,-200,-200,-200,-200,-200,-200,-200,-200,-200,-200,-200
J01,-200,-78,-200,-200,-200,-80,-200,-200,-200,-200,-200,-200,-200
I02,-200,-64,-200,-200,-200,-200,-200,-200,-200,-200,-200,-200,-200
I02,-200,-66,-200,-200,-200,-200,-200,-200,-200,-200,-200,-200,-200
I02,-200,-65,-200,-200,-200,-200,-200,-200,-200,-200,-200,-200,-200
I02,-200,-65,-200,-200,-200,-200,-200,-200,-200,-200,-200,-200,-200
I02,-200,-66,-200,-200,-200,-200,-200,-200,-200,-200,-200,-200,-200
I02,-200,-73,-200,-200,-200,-200,-200,-200,-200,-200,-200,-200,-200
J02,-200,-71,-81,-200,-200,-200,-200,-200,-200,-200,-200,-200,-200
J02,-200,-72,-200,-200,-200,-200,-200,-200,-200,-200,-200,-200,-200
J02,-200,-74,-200,-200,-200,-200,-200,-200,-200,-200,-200,-200,-200
J02,-200,-67,-200,-200,-200,-200,-200,-200,-200,-200,-200,-200,-200
K01,-200,-200,-200,-200,-200,-78,-200,-200,-200,-200,-200,-200,-200
K02,-200,-83,-200,-200,-200,-200,-200,-200,-200,-200,-200,-200,-200
K02,-200,-80,-200,-200,-200,-200,-200,-200,-200,-200,-200,-200,-200
K02,-200,-78,-200,-200,-200,-200,-200,-200,-200,-200,-200,-200,-200
L01,-200,-200,-80,-200,-200,-80,-200,-200,-200,-200,-200,-200,-200
L01,-200,-200,-77,-200,-200,-200,-200,-200,-200,-200,-200,-200,-200
L01,-200,-80,-79,-200,-200,-200,-200,-200,-200,-200,-200,-200,-200
L02,-200,-200,-200,-200,-200,-78,-200,-200,-200,-200,-200,-200,-200
L02,-200,-200,-200,-200,-200,-80,-200,-200,-200,-200,-200,-200,-200
L02,-200,-200,-200,-200,-200,-80,-200,-200,-200,-200,-200,-200,-200
M01,-200,-200,-77,-200,-200,-200,-200,-200,-200,-200,-200,-200,-200
M01,-200,-200,-76,-200,-200,-80,-200,-200,-200,-200,-200,-200,-200
M01,-200,-200,-79,-200,-200,-200,-200,-200,-200,-200,-200,-200,-200
M01,-200,-200,-77,-200,-200,-200,-200,-200,-200,-200,-200,-200,-200
M01,-200,-200,-79,-200,-200,-200,-200,-200,-200,-200,-200,-200,-200
M02,-200,-200,-80,-200,-200,-77,-200,-200,-200,-200,-200,-200,-200
M02,-200,-200,-200,-200,-200,-75,-200,-200,-200,-200,-200,-200,-200
M02,-200,-200,-200,-200,-200,-75,-200,-200,-200,-200,-200,-200,-200
M02,-200,-200,-200,-200,-200,-74,-200,-200,-200,-200,-200,-200,-200
M02,-200,-200,-80,-200,-200,-200,-200,-200,-200,-200,-200,-200,-200
M02,-200,-200,-75,-200,-200,-75,-200,-200,-200,-200,-200,-200,-200
M02,-200,-200,-78,-200,-200,-200,-200,-200,-200,-200,-200,-200,-200
N01,-200,-200,-200,-200,-200,-78,-200,-200,-200,-200,-200,-200,-200
N01,-200,-200,-81,-200,-200,-200,-200,-200,-200,-200,-200,-200,-200
N01,-200,-80,-79,-200,-200,-73,-200,-200,-200,-200,-200,-200,-200
N01,-200,-200,-200,-200,-200,-72,-200,-200,-200,-200,-200,-200,-200
N01,-200,-200,-79,-200,-200,-72,-200,-200,-200,-200,-200,-200,-200
N01,-200,-200,-77,-200,-200,-200,-200,-200,-200,-200,-200,-200,-200
N02,-200,-200,-79,-200,-200,-77,-200,-200,-200,-200,-200,-200,-200
N02,-200,-200,-76,-200,-200,-74,-200,-200,-200,-200,-200,-200,-200
N02,-200,-200,-78,-200,-200,-77,-200,-200,-200,-200,-200,-200,-200
N02,-200,-200,-200,-200,-200,-76,-200,-200,-200,-200,-200,-200,-200
N02,-200,-200,-72,-200,-200,-76,-200,-200,-200,-200,-200,-200,-200
N02,-200,-200,-79,-200,-200,-77,-200,-200,-200,-200,-200,-200,-200
O01,-200,-200,-200,-200,-200,-77,-200,-200,-200,-200,-200,-200,-200
O02,-200,-200,-200,-200,-200,-81,-200,-200,-200,-200,-200,-200,-200
O02,-200,-200,-200,-200,-80,-200,-200,-200,-200,-200,-200,-200,-200
I03,-200,-69,-200,-86,-200,-87,-200,-200,-200,-200,-200,-200,-200
I03,-200,-200,-200,-200,-78,-200,-200,-200,-200,-200,-200,-200,-200
I03,-200,-75,-200,-200,-200,-200,-200,-200,-200,-200,-200,-200,-200
I07,-200,-74,-200,-200,-72,-200,-200,-200,-200,-200,-200,-200,-200
I07,-78,-78,-200,-200,-200,-200,-200,-200,-200,-200,-200,-200,-200
I07,-200,-200,-200,-200,-73,-200,-200,-200,-200,-200,-200,-200,-200
I07,-81,-198,-200,-200,-78,-200,-200,-77,-200,-200,-200,-200,-200
I08,-81,-198,-200,-200,-73,-84,-200,-77,-200,-200,-200,-200,-200
I08,-81,-198,-200,-200,-76,-200,-200,-74,-200,-200,-200,-200,-200
I08,-200,-200,-200,-200,-80,-200,-200,-200,-200,-200,-200,-200,-200
I08,-200,-200,-200,-200,-200,-77,-200,-200,-200,-200,-200,-200,-200
I08,-79,-198,-200,-200,-200,-200,-200,-79,-200,-200,-200,-200,-200
I09,-78,-198,-200,-200,-73,-200,-200,-67,-200,-200,-200,-200,-200
I09,-200,-200,-200,-200,-74,-78,-200,-71,-200,-200,-200,-200,-200
I09,-200,-200,-200,-200,-76,-200,-200,-65,-200,-200,-200,-200,-200
I09,-200,-85,-200,-200,-200,-200,-200,-71,-200,-200,-200,-200,-200
I10,-200,-200,-200,-200,-200,-200,-200,-70,-200,-200,-200,-200,-200
I10,-200,-200,-200,-200,-200,-200,-200,-73,-200,-200,-200,-200,-200
I10,-200,-200,-200,-200,-200,-77,-200,-73,-200,-81,-200,-200,-200
D15,-200,-200,-200,-200,-200,-200,-200,-200,-60,-200,-200,-200,-200
J01,-200,-78,-200,-200,-200,-200,-200,-200,-200,-200,-200,-200,-200
J01,-200,-71,-200,-200,-200,-200,-200,-200,-200,-200,-200,-200,-200
K01,-200,-200,-200,-200,-200,-77,-200,-200,-200,-200,-200,-200,-200
K01,-200,-200,-200,-200,-200,-81,-200,-200,-200,-200,-200,-200,-200
K02,-200,-72,-200,-200,-200,-200,-200,-200,-200,-200,-200,-200,-200
K03,-200,-200,-82,-200,-200,-200,-200,-200,-200,-200,-200,-200,-200
K03,-200,-79,-200,-200,-200,-200,-200,-200,-200,-200,-200,-200,-200
K03,-200,-79,-200,-200,-200,-200,-200,-200,-200,-200,-200,-200,-200
K04,-200,-75,-80,-200,-200,-200,-200,-200,-200,-200,-200,-200,-200
D15,-200,-200,-200,-200,-200,-200,-200,-200,-72,-200,-200,-200,-200
D15,-200,-200,-200,-200,-200,-200,-200,-200,-75,-200,-200,-200,-200
D14,-200,-200,-200,-200,-200,-200,-200,-200,-65,-200,-200,-200,-200
D14,-200,-200,-200,-200,-200,-200,-200,-200,-70,-200,-200,-200,-200
D13,-200,-200,-200,-200,-200,-200,-200,-200,-73,-200,-200,-200,-200
D13,-200,-200,-200,-200,-200,-200,-200,-200,-77,-200,-200,-200,-200
D13,-200,-200,-200,-200,-200,-200,-200,-200,-81,-200,-200,-200,-200
J08,-200,-84,-200,-200,-200,-200,-200,-200,-200,-200,-200,-200,-200
J07,-200,-200,-200,-200,-66,-200,-200,-200,-200,-200,-200,-200,-200
J07,-200,-200,-84,-200,-68,-200,-200,-200,-200,-200,-200,-200,-200
J07,-200,-200,-200,-200,-73,-200,-200,-200,-200,-200,-200,-200,-200
J07,-200,-200,-200,-200,-69,-200,-200,-200,-200,-200,-200,-200,-200
J07,-200,-74,-200,-200,-71,-200,-200,-200,-200,-200,-200,-200,-200
J06,-200,-80,-200,-200,-76,-200,-200,-81,-200,-200,-200,-200,-200
J06,-200,-200,-200,-200,-75,-200,-200,-200,-200,-200,-200,-200,-200
J06,-200,-76,-200,-200,-200,-200,-200,-200,-200,-200,-200,-200,-200
J05,-200,-59,-200,-200,-200,-200,-200,-200,-200,-200,-200,-200,-200
J05,-200,-62,-200,-200,-83,-200,-200,-200,-200,-200,-200,-200,-200
J05,-200,-62,-200,-200,-76,-200,-200,-200,-200,-200,-200,-200,-200
J04,-200,-65,-200,-200,-200,-200,-200,-200,-200,-200,-200,-200,-200
J04,-200,-64,-200,-200,-200,-200,-200,-200,-200,-200,-200,-200,-200
J04,-200,-79,-200,-200,-200,-200,-200,-200,-200,-200,-200,-200,-200
J04,-200,-71,-200,-200,-200,-200,-200,-200,-200,-200,-200,-200,-200
J03,-200,-67,-200,-200,-200,-200,-200,-200,-200,-200,-200,-200,-200
J03,-200,-66,-200,-200,-200,-200,-200,-200,-200,-200,-200,-200,-200
J03,-200,-67,-200,-200,-200,-200,-200,-200,-200,-200,-200,-200,-200
J03,-200,-76,-200,-200,-200,-200,-200,-200,-200,-200,-200,-200,-200
J03,-200,-71,-200,-200,-200,-200,-200,-200,-200,-200,-200,-200,-200
J02,-200,-72,-79,-200,-200,-200,-200,-200,-200,-200,-200,-200,-200
J02,-200,-75,-80,-200,-200,-200,-200,-200,-200,-200,-200,-200,-200
J02,-200,-68,-200,-200,-200,-200,-200,-200,-200,-200,-200,-200,-200
J02,-200,-76,-77,-200,-200,-200,-200,-200,-200,-200,-200,-200,-200
J01,-200,-80,-200,-200,-200,-200,-200,-200,-200,-200,-200,-200,-200
J01,-200,-75,-200,-200,-200,-200,-200,-200,-200,-200,-200,-200,-200
K04,-200,-72,-74,-200,-200,-200,-200,-200,-200,-200,-200,-200,-200
K04,-200,-73,-80,-200,-200,-200,-200,-200,-200,-200,-200,-200,-200
K04,-200,-74,-80,-200,-200,-200,-200,-200,-200,-200,-200,-200,-200
K05,-200,-73,-200,-200,-200,-200,-200,-200,-200,-200,-200,-200,-200
K05,-200,-80,-79,-200,-200,-200,-200,-200,-200,-200,-200,-200,-200
K05,-200,-70,-200,-200,-200,-200,-200,-200,-200,-200,-200,-200,-200
K05,-200,-200,-200,-200,-77,-200,-200,-200,-200,-200,-200,-200,-200
K06,-200,-77,-200,-200,-78,-77,-200,-200,-200,-200,-200,-200,-200
K06,-200,-200,-200,-200,-75,-78,-200,-200,-200,-200,-200,-200,-200
K06,-200,-81,-200,-200,-75,-200,-200,-200,-200,-200,-200,-200,-200
K06,-200,-200,-200,-200,-73,-76,-200,-200,-200,-200,-200,-200,-200
K07,-200,-200,-200,-200,-73,-77,-200,-200,-200,-200,-200,-200,-200
K07,-200,-200,-200,-200,-72,-77,-200,-200,-200,-200,-200,-200,-200
K07,-200,-200,-200,-200,-80,-200,-200,-200,-200,-200,-200,-200,-200
K07,-200,-200,-200,-200,-75,-75,-200,-81,-200,-200,-200,-200,-200
K07,-200,-200,-200,-200,-76,-76,-200,-200,-200,-200,-200,-200,-200
K08,-200,-200,-200,-200,-78,-200,-200,-200,-200,-200,-200,-200,-200
K08,-200,-200,-200,-200,-200,-77,-200,-200,-200,-200,-200,-200,-200
K08,-200,-200,-200,-200,-77,-78,-200,-200,-200,-200,-200,-200,-200
K08,-200,-200,-200,-200,-78,-76,-200,-200,-200,-200,-200,-200,-200
K08,-200,-200,-200,-200,-79,-200,-200,-200,-200,-200,-200,-200,-200
N15,-200,-200,-200,-200,-200,-200,-200,-200,-200,-200,-67,-200,-200
N15,-200,-200,-200,-200,-200,-200,-200,-200,-200,-200,-62,-200,-200
N15,-200,-200,-200,-200,-200,-200,-200,-200,-200,-200,-79,-80,-200
N15,-200,-200,-200,-200,-200,-200,-200,-200,-200,-200,-76,-200,-200
P15,-200,-200,-200,-200,-200,-200,-200,-200,-200,-200,-200,-81,-200
P15,-200,-200,-200,-200,-200,-200,-200,-200,-200,-200,-200,-78,-200
P15,-200,-200,-200,-200,-200,-200,-200,-200,-200,-200,-200,-74,-200
R15,-200,-200,-200,-200,-200,-200,-200,-200,-200,-200,-200,-61,-200
R15,-200,-200,-200,-200,-200,-200,-200,-200,-200,-200,-200,-63,-200
I15,-200,-200,-200,-200,-200,-200,-200,-200,-200,-78,-200,-200,-200
I15,-200,-200,-200,-200,-200,-200,-200,-200,-77,-75,-200,-200,-200
I15,-200,-200,-200,-200,-200,-200,-200,-200,-78,-72,-200,-200,-200
I15,-200,-200,-200,-200,-200,-200,-200,-200,-200,-72,-200,-200,-200
I15,-200,-200,-200,-200,-200,-200,-200,-200,-200,-72,-200,-200,-200
J15,-200,-200,-200,-200,-200,-200,-200,-200,-81,-77,-200,-200,-200
J15,-200,-200,-200,-200,-200,-200,-200,-200,-200,-66,-200,-200,-200
J15,-200,-200,-200,-200,-200,-200,-200,-200,-200,-69,-200,-200,-200
J15,-200,-200,-200,-200,-200,-200,-200,-200,-200,-65,-200,-200,-200
N15,-200,-200,-200,-200,-200,-200,-200,-200,-200,-200,-69,-200,-200
N15,-200,-200,-200,-200,-200,-200,-200,-200,-200,-77,-61,-200,-200
N15,-200,-200,-200,-200,-200,-200,-200,-200,-200,-78,-59,-200,-200
N15,-200,-200,-200,-200,-200,-200,-200,-200,-200,-78,-64,-200,-200
S15,-200,-200,-200,-200,-200,-200,-200,-200,-200,-200,-200,-200,-82
S15,-200,-200,-200,-200,-200,-200,-200,-200,-200,-200,-200,-200,-78
S15,-200,-200,-200,-200,-200,-200,-200,-200,-200,-200,-200,-200,-78
T15,-200,-200,-200,-200,-200,-200,-200,-200,-200,-200,-200,-200,-81
T15,-200,-200,-200,-200,-200,-200,-200,-200,-200,-200,-200,-200,-87
T15,-200,-200,-200,-200,-200,-200,-200,-200,-200,-200,-200,-200,-85
U15,-200,-200,-200,-200,-200,-200,-200,-200,-200,-200,-200,-200,-77
U15,-200,-200,-200,-200,-200,-200,-200,-200,-200,-200,-79,-200,-81
U15,-200,-200,-200,-200,-200,-200,-200,-200,-200,-200,-200,-200,-81
U15,-200,-200,-200,-200,-200,-200,-200,-200,-200,-200,-200,-200,-79
U15,-200,-200,-200,-200,-200,-200,-200,-200,-200,-200,-200,-200,-79
V15,-200,-200,-200,-200,-200,-200,-200,-200,-200,-200,-200,-200,-81
V15,-200,-200,-200,-200,-200,-200,-200,-200,-200,-200,-200,-200,-77
V15,-200,-200,-200,-200,-200,-200,-200,-200,-200,-200,-200,-200,-64
V15,-200,-200,-200,-200,-200,-200,-200,-200,-200,-200,-200,-200,-60
V15,-200,-200,-200,-200,-200,-200,-200,-200,-200,-200,-200,-200,-63
V15,-200,-200,-200,-200,-200,-200,-200,-200,-200,-200,-200,-200,-67
V15,-200,-200,-200,-200,-200,-200,-200,-200,-200,-200,-200,-200,-63
V15,-200,-200,-200,-200,-200,-200,-200,-200,-200,-200,-200,-200,-65
W15,-200,-200,-200,-200,-200,-200,-200,-200,-200,-200,-200,-200,-71
W15,-200,-200,-200,-200,-200,-200,-200,-200,-200,-200,-200,-200,-59
W15,-200,-200,-200,-200,-200,-200,-200,-200,-200,-200,-200,-200,-62
W15,-200,-200,-200,-200,-200,-200,-200,-200,-200,-200,-200,-200,-71
W15,-200,-200,-200,-200,-200,-200,-200,-200,-200,-200,-200,-200,-66
S01,-200,-200,-200,-81,-200,-200,-200,-200,-200,-200,-200,-200,-200
S01,-200,-200,-200,-82,-200,-200,-200,-200,-200,-200,-200,-200,-200
S02,-200,-200,-200,-76,-200,-200,-200,-200,-200,-200,-200,-200,-200
S02,-200,-200,-200,-82,-200,-200,-200,-200,-200,-200,-200,-200,-200
S02,-200,-200,-200,-78,-200,-200,-200,-200,-200,-200,-200,-200,-200
S02,-200,-200,-200,-79,-200,-200,-200,-200,-200,-200,-200,-200,-200
S02,-200,-200,-200,-81,-200,-200,-200,-200,-200,-200,-200,-200,-200
S02,-200,-200,-200,-79,-200,-200,-200,-200,-200,-200,-200,-200,-200
S02,-200,-200,-200,-80,-200,-200,-200,-200,-200,-200,-200,-200,-200
S03,-200,-200,-200,-76,-200,-200,-200,-200,-200,-200,-200,-200,-200
S03,-200,-200,-200,-75,-200,-200,-200,-200,-200,-200,-200,-200,-200
S03,-200,-200,-200,-84,-200,-200,-200,-200,-200,-200,-200,-200,-200
S03,-200,-200,-200,-75,-200,-200,-200,-200,-200,-200,-200,-200,-200
S03,-200,-200,-78,-81,-200,-200,-200,-200,-200,-200,-200,-200,-200
S03,-200,-200,-82,-70,-200,-200,-200,-200,-200,-200,-200,-200,-200
S04,-200,-200,-200,-75,-200,-200,-200,-200,-200,-200,-200,-200,-200
S04,-200,-200,-80,-78,-200,-200,-200,-200,-200,-200,-200,-200,-200
S04,-200,-200,-200,-70,-200,-200,-200,-200,-200,-200,-200,-200,-200
S04,-200,-200,-200,-67,-200,-200,-200,-200,-200,-200,-200,-200,-200
S04,-200,-200,-200,-57,-200,-200,-200,-200,-200,-200,-200,-200,-200
S04,-200,-200,-200,-57,-200,-200,-200,-200,-200,-200,-200,-200,-200
S05,-200,-200,-200,-63,-200,-200,-200,-200,-200,-200,-200,-200,-200
S05,-200,-200,-200,-62,-200,-200,-200,-200,-200,-200,-200,-200,-200
S05,-200,-200,-200,-67,-200,-200,-200,-200,-200,-200,-200,-200,-200
S05,-200,-200,-200,-56,-200,-200,-200,-200,-200,-200,-200,-200,-200
S05,-200,-200,-200,-66,-200,-200,-200,-200,-200,-200,-200,-200,-200
S05,-200,-200,-200,-60,-200,-200,-200,-200,-200,-200,-200,-200,-200
S05,-200,-200,-200,-66,-200,-200,-200,-200,-200,-200,-200,-200,-200
S05,-200,-200,-200,-67,-200,-200,-200,-200,-200,-200,-200,-200,-200
S06,-200,-200,-200,-69,-200,-200,-200,-200,-200,-200,-200,-200,-200
S06,-200,-200,-200,-68,-200,-200,-200,-200,-200,-200,-200,-200,-200
S06,-200,-200,-200,-70,-200,-200,-200,-200,-200,-200,-200,-200,-200
S06,-200,-200,-200,-72,-200,-200,-200,-200,-200,-200,-200,-200,-200
S06,-200,-200,-200,-200,-200,-200,-79,-200,-200,-200,-200,-200,-200
S06,-200,-200,-200,-200,-200,-200,-79,-200,-200,-200,-200,-200,-200
S06,-200,-200,-200,-200,-200,-200,-76,-200,-200,-200,-200,-200,-200
S06,-200,-200,-200,-200,-200,-200,-71,-200,-200,-200,-200,-200,-200
S07,-200,-200,-200,-200,-200,-200,-64,-200,-200,-200,-200,-200,-200
S07,-200,-200,-200,-200,-200,-75,-62,-200,-200,-200,-200,-200,-200
S07,-200,-200,-200,-200,-200,-200,-64,-200,-200,-200,-200,-200,-200
S07,-200,-200,-200,-200,-200,-200,-67,-200,-200,-200,-200,-200,-200
S07,-200,-200,-200,-77,-200,-79,-63,-200,-200,-200,-200,-200,-200
S07,-200,-200,-200,-200,-200,-200,-58,-200,-200,-200,-200,-200,-200
S07,-200,-200,-200,-200,-200,-200,-63,-200,-200,-200,-200,-200,-200
S07,-200,-200,-200,-80,-200,-200,-200,-200,-200,-200,-200,-200,-200
S07,-200,-200,-200,-77,-200,-200,-71,-200,-200,-200,-200,-200,-200
S07,-200,-200,-200,-78,-200,-200,-66,-200,-200,-200,-200,-200,-200
S08,-200,-200,-200,-200,-200,-200,-64,-200,-200,-200,-200,-200,-200
S08,-200,-200,-200,-79,-200,-200,-200,-200,-200,-200,-200,-200,-200
S08,-200,-200,-200,-81,-200,-200,-64,-200,-200,-200,-200,-200,-200
S08,-200,-200,-200,-81,-200,-200,-72,-200,-200,-200,-200,-200,-200
L09,-200,-200,-200,-200,-80,-200,-200,-78,-200,-200,-200,-200,-200
L09,-78,-200,-200,-200,-200,-200,-200,-74,-200,-200,-200,-200,-200
L08,-200,-200,-200,-200,-200,-75,-200,-80,-200,-200,-200,-200,-200
L08,-200,-200,-200,-81,-200,-200,-200,-200,-200,-200,-200,-200,-200
L08,-200,-200,-200,-200,-75,-200,-200,-200,-200,-200,-200,-200,-200
L06,-200,-200,-200,-200,-75,-200,-200,-200,-200,-200,-200,-200,-200
L06,-200,-77,-200,-200,-66,-200,-200,-200,-200,-200,-200,-200,-200
L06,-200,-78,-200,-77,-72,-74,-200,-200,-200,-200,-200,-200,-200
L06,-200,-200,-80,-77,-78,-78,-200,-200,-200,-200,-200,-200,-200
L05,-200,-200,-200,-200,-73,-200,-200,-200,-200,-200,-200,-200,-200
L05,-200,-200,-200,-200,-70,-200,-200,-200,-200,-200,-200,-200,-200
L05,-200,-81,-78,-200,-77,-80,-200,-200,-200,-200,-200,-200,-200
L05,-200,-78,-78,-200,-200,-79,-200,-200,-200,-200,-200,-200,-200
L04,-200,-200,-78,-81,-200,-84,-200,-200,-200,-200,-200,-200,-200
L04,-200,-79,-78,-81,-200,-200,-200,-200,-200,-200,-200,-200,-200
L04,-200,-200,-77,-200,-200,-200,-200,-200,-200,-200,-200,-200,-200
L04,-200,-200,-78,-200,-200,-87,-200,-200,-200,-200,-200,-200,-200
L03,-200,-200,-200,-80,-74,-82,-200,-200,-200,-200,-200,-200,-200
L02,-200,-200,-200,-200,-200,-83,-200,-200,-200,-200,-200,-200,-200
L02,-200,-77,-200,-200,-200,-76,-200,-200,-200,-200,-200,-200,-200
L02,-200,-200,-200,-200,-200,-77,-200,-200,-200,-200,-200,-200,-200
L02,-200,-82,-200,-200,-200,-200,-200,-200,-200,-200,-200,-200,-200
K08,-200,-200,-200,-200,-78,-200,-200,-200,-200,-200,-200,-200,-200
K08,-200,-200,-200,-200,-78,-77,-200,-200,-200,-200,-200,-200,-200
K08,-200,-200,-200,-200,-76,-82,-200,-200,-200,-200,-200,-200,-200
K08,-200,-200,-200,-200,-77,-79,-200,-200,-200,-200,-200,-200,-200
K08,-200,-200,-200,-200,-200,-78,-200,-200,-200,-200,-200,-200,-200
K08,-200,-200,-200,-200,-80,-200,-200,-80,-200,-200,-200,-200,-200
K08,-200,-200,-200,-200,-77,-200,-200,-200,-200,-200,-200,-200,-200
K07,-200,-200,-200,-200,-76,-77,-200,-200,-200,-200,-200,-200,-200
K07,-200,-200,-200,-200,-75,-76,-200,-80,-200,-200,-200,-200,-200
K07,-200,-200,-200,-200,-200,-79,-200,-200,-200,-200,-200,-200,-200
K07,-200,-200,-200,-200,-80,-200,-200,-200,-200,-200,-200,-200,-200
K07,-200,-200,-200,-200,-72,-78,-200,-200,-200,-200,-200,-200,-200
K07,-200,-200,-200,-200,-73,-78,-200,-200,-200,-200,-200,-200,-200
K06,-200,-200,-200,-200,-73,-77,-200,-200,-200,-200,-200,-200,-200
K06,-200,-79,-200,-200,-74,-76,-200,-200,-200,-200,-200,-200,-200
K06,-200,-82,-200,-200,-75,-200,-200,-200,-200,-200,-200,-200,-200
K06,-200,-200,-200,-200,-75,-79,-200,-200,-200,-200,-200,-200,-200
K06,-200,-79,-200,-200,-200,-200,-200,-200,-200,-200,-200,-200,-200
K06,-200,-78,-200,-200,-78,-78,-200,-200,-200,-200,-200,-200,-200
K05,-200,-200,-200,-200,-76,-200,-200,-200,-200,-200,-200,-200,-200
K05,-200,-71,-200,-200,-200,-200,-200,-200,-200,-200,-200,-200,-200
K05,-200,-81,-78,-200,-200,-200,-200,-200,-200,-200,-200,-200,-200
K05,-200,-74,-200,-200,-200,-200,-200,-200,-200,-200,-200,-200,-200
K05,-200,-74,-200,-200,-200,-200,-200,-200,-200,-200,-200,-200,-200
K04,-200,-75,-79,-200,-200,-200,-200,-200,-200,-200,-200,-200,-200
K04,-200,-74,-79,-200,-200,-200,-200,-200,-200,-200,-200,-200,-200
K04,-200,-79,-72,-80,-200,-79,-200,-200,-200,-200,-200,-200,-200
K04,-200,-73,-73,-200,-200,-200,-200,-200,-200,-200,-200,-200,-200
K04,-200,-75,-79,-200,-200,-81,-200,-200,-200,-200,-200,-200,-200
K04,-200,-76,-79,-200,-200,-200,-200,-200,-200,-200,-200,-200,-200
K03,-200,-80,-200,-200,-200,-200,-200,-200,-200,-200,-200,-200,-200
K03,-200,-78,-200,-200,-200,-200,-200,-200,-200,-200,-200,-200,-200
K03,-200,-80,-200,-200,-200,-200,-200,-200,-200,-200,-200,-200,-200
K03,-200,-200,-81,-200,-200,-200,-200,-200,-200,-200,-200,-200,-200
K02,-200,-73,-200,-200,-200,-200,-200,-200,-200,-200,-200,-200,-200
K02,-200,-81,-200,-200,-200,-200,-200,-200,-200,-200,-200,-200,-200
K01,-200,-200,-200,-200,-200,-81,-200,-200,-200,-200,-200,-200,-200
K01,-200,-200,-200,-200,-200,-78,-200,-200,-200,-200,-200,-200,-200
J01,-200,-72,-200,-200,-200,-200,-200,-200,-200,-200,-200,-200,-200
J01,-200,-79,-200,-200,-200,-200,-200,-200,-200,-200,-200,-200,-200
J01,-200,-76,-200,-200,-200,-200,-200,-200,-200,-200,-200,-200,-200
J01,-200,-81,-200,-200,-200,-200,-200,-200,-200,-200,-200,-200,-200
J02,-200,-77,-76,-200,-200,-200,-200,-200,-200,-200,-200,-200,-200
J02,-200,-79,-78,-200,-200,-200,-200,-200,-200,-200,-200,-200,-200
J02,-200,-78,-200,-200,-200,-200,-200,-200,-200,-200,-200,-200,-200
J02,-200,-69,-200,-200,-200,-200,-200,-200,-200,-200,-200,-200,-200
J02,-200,-76,-79,-200,-200,-200,-200,-200,-200,-200,-200,-200,-200
J02,-200,-73,-78,-200,-200,-200,-200,-200,-200,-200,-200,-200,-200
J03,-200,-72,-200,-200,-200,-200,-200,-200,-200,-200,-200,-200,-200
J03,-200,-77,-200,-200,-200,-200,-200,-200,-200,-200,-200,-200,-200
J03,-200,-68,-200,-200,-200,-200,-200,-200,-200,-200,-200,-200,-200
J03,-200,-74,-200,-200,-200,-200,-200,-200,-200,-200,-200,-200,-200
J03,-200,-67,-200,-200,-200,-200,-200,-200,-200,-200,-200,-200,-200
J03,-200,-68,-200,-200,-200,-200,-200,-200,-200,-200,-200,-200,-200
J04,-200,-72,-200,-200,-200,-200,-200,-200,-200,-200,-200,-200,-200
J04,-200,-80,-200,-200,-200,-200,-200,-200,-200,-200,-200,-200,-200
J04,-200,-65,-200,-200,-200,-200,-200,-200,-200,-200,-200,-200,-200
J04,-200,-66,-200,-200,-200,-200,-200,-200,-200,-200,-200,-200,-200
J05,-200,-63,-200,-200,-76,-200,-200,-200,-200,-200,-200,-200,-200
J05,-200,-63,-200,-200,-83,-200,-200,-200,-200,-200,-200,-200,-200
J05,-200,-60,-200,-200,-200,-200,-200,-200,-200,-200,-200,-200,-200
J05,-200,-63,-200,-200,-79,-200,-200,-200,-200,-200,-200,-200,-200
J06,-200,-77,-200,-200,-200,-200,-200,-200,-200,-200,-200,-200,-200
J06,-200,-200,-200,-200,-75,-200,-200,-200,-200,-200,-200,-200,-200
J06,-200,-81,-200,-200,-76,-200,-200,-80,-200,-200,-200,-200,-200
J06,-200,-73,-200,-200,-74,-200,-200,-200,-200,-200,-200,-200,-200
J07,-200,-74,-200,-200,-68,-200,-200,-81,-200,-200,-200,-200,-200
J07,-200,-75,-200,-200,-71,-200,-200,-200,-200,-200,-200,-200,-200
J07,-200,-200,-200,-200,-69,-200,-200,-200,-200,-200,-200,-200,-200
J07,-200,-200,-200,-200,-73,-200,-200,-200,-200,-200,-200,-200,-200
J07,-200,-200,-83,-200,-68,-200,-200,-200,-200,-200,-200,-200,-200
J07,-200,-200,-200,-200,-66,-200,-200,-200,-200,-200,-200,-200,-200
J08,-200,-85,-200,-200,-200,-200,-200,-200,-200,-200,-200,-200,-200
J08,-200,-200,-200,-200,-200,-200,-200,-81,-200,-200,-200,-200,-200
D13,-200,-200,-200,-200,-200,-200,-200,-200,-82,-200,-200,-200,-200
D13,-200,-200,-200,-200,-200,-200,-200,-200,-78,-200,-200,-200,-200
D13,-200,-200,-200,-200,-200,-200,-200,-200,-74,-200,-200,-200,-200
D14,-200,-200,-200,-200,-200,-200,-200,-200,-71,-200,-200,-200,-200
D14,-200,-200,-200,-200,-200,-200,-200,-200,-66,-200,-200,-200,-200
D15,-200,-200,-200,-200,-200,-200,-200,-200,-76,-200,-200,-200,-200
D15,-200,-200,-200,-200,-200,-200,-200,-200,-73,-200,-200,-200,-200
D15,-200,-200,-200,-200,-200,-200,-200,-200,-61,-200,-200,-200,-200
I10,-200,-200,-200,-200,-200,-78,-200,-72,-200,-81,-200,-200,-200
I10,-200,-200,-200,-200,-200,-200,-200,-72,-200,-200,-200,-200,-200
I10,-200,-200,-200,-200,-200,-200,-200,-69,-200,-200,-200,-200,-200
I09,-200,-86,-200,-200,-200,-200,-200,-70,-200,-200,-200,-200,-200
I09,-200,-200,-200,-200,-76,-200,-200,-64,-200,-200,-200,-200,-200
I09,-200,-200,-200,-200,-74,-79,-200,-70,-200,-200,-200,-200,-200
I09,-77,-200,-200,-200,-73,-200,-200,-66,-200,-200,-200,-200,-200
I08,-78,-200,-200,-200,-200,-200,-200,-78,-200,-200,-200,-200,-200
I08,-200,-200,-200,-200,-200,-78,-200,-200,-200,-200,-200,-200,-200
I08,-200,-200,-200,-88,-79,-200,-200,-72,-200,-200,-200,-200,-200
I08,-200,-200,-200,-200,-80,-200,-200,-200,-200,-200,-200,-200,-200
I08,-80,-200,-200,-200,-76,-200,-200,-73,-200,-200,-200,-200,-200
I08,-80,-200,-200,-200,-73,-84,-200,-76,-200,-200,-200,-200,-200
I07,-80,-200,-200,-200,-78,-200,-200,-76,-200,-200,-200,-200,-200
I07,-200,-200,-200,-200,-73,-200,-200,-200,-200,-200,-200,-200,-200
I07,-77,-80,-200,-200,-200,-200,-200,-200,-200,-200,-200,-200,-200
I07,-200,-75,-200,-200,-72,-200,-200,-200,-200,-200,-200,-200,-200
I07,-200,-81,-200,-200,-200,-200,-200,-77,-200,-200,-200,-200,-200
I07,-200,-77,-200,-200,-81,-200,-200,-77,-200,-200,-200,-200,-200
I06,-200,-82,-200,-200,-70,-200,-200,-200,-200,-200,-200,-200,-200
I06,-200,-82,-200,-200,-70,-200,-200,-200,-200,-200,-200,-200,-200
I06,-200,-77,-200,-200,-75,-200,-200,-200,-200,-200,-200,-200,-200
I06,-200,-76,-200,-200,-75,-200,-200,-200,-200,-200,-200,-200,-200
I05,-200,-74,-200,-200,-78,-200,-200,-200,-200,-200,-200,-200,-200
I05,-200,-76,-85,-200,-75,-200,-200,-82,-200,-200,-200,-200,-200
I05,-200,-80,-200,-200,-81,-200,-200,-200,-200,-200,-200,-200,-200
I05,-200,-80,-200,-200,-200,-200,-200,-200,-200,-200,-200,-200,-200
I04,-200,-74,-200,-200,-78,-200,-200,-200,-200,-200,-200,-200,-200
I04,-200,-74,-200,-200,-200,-200,-200,-200,-200,-200,-200,-200,-200
I03,-200,-73,-200,-200,-79,-200,-200,-200,-200,-200,-200,-200,-200
I03,-200,-73,-200,-200,-80,-200,-200,-200,-200,-200,-200,-200,-200
I03,-200,-76,-200,-200,-200,-200,-200,-200,-200,-200,-200,-200,-200
I03,-200,-200,-200,-200,-78,-200,-200,-200,-200,-200,-200,-200,-200
I03,-200,-70,-200,-86,-200,-87,-200,-200,-200,-200,-200,-200,-200
I03,-200,-79,-200,-200,-200,-200,-200,-200,-200,-200,-200,-200,-200
I02,-200,-63,-200,-200,-200,-200,-200,-200,-200,-200,-200,-200,-200
I02,-200,-78,-200,-200,-200,-79,-200,-200,-200,-200,-200,-200,-200
I02,-200,-200,-200,-200,-80,-200,-200,-200,-200,-200,-200,-200,-200
I02,-200,-68,-87,-200,-200,-200,-200,-200,-200,-200,-200,-200,-200
I02,-200,-75,-200,-200,-200,-200,-200,-200,-200,-200,-200,-200,-200
I01,-200,-70,-200,-200,-200,-200,-200,-200,-200,-200,-200,-200,-200
I01,-200,-70,-200,-200,-200,-200,-200,-200,-200,-200,-200,-200,-200
I01,-200,-70,-200,-200,-200,-200,-200,-200,-200,-200,-200,-200,-200
J08,-200,-200,-200,-200,-74,-200,-200,-200,-200,-200,-200,-200,-200
J08,-200,-200,-200,-200,-72,-200,-200,-79,-200,-200,-200,-200,-200
J08,-200,-84,-200,-200,-74,-200,-200,-74,-200,-200,-200,-200,-200
J07,-200,-81,-200,-200,-73,-200,-200,-200,-200,-200,-200,-200,-200
J07,-200,-200,-200,-200,-77,-200,-200,-200,-200,-200,-200,-200,-200
J07,-200,-200,-200,-200,-73,-200,-200,-200,-200,-200,-200,-200,-200
J07,-200,-200,-200,-200,-74,-80,-200,-200,-200,-200,-200,-200,-200
J06,-200,-75,-200,-200,-70,-200,-200,-200,-200,-200,-200,-200,-200
J06,-200,-72,-200,-200,-69,-200,-200,-200,-200,-200,-200,-200,-200
J06,-200,-69,-200,-200,-200,-200,-200,-200,-200,-200,-200,-200,-200
J06,-200,-73,-200,-200,-76,-200,-200,-200,-200,-200,-200,-200,-200
I06,-200,-78,-200,-200,-200,-200,-200,-200,-200,-200,-200,-200,-200
I06,-200,-73,-200,-200,-75,-200,-200,-200,-200,-200,-200,-200,-200
I06,-200,-78,-200,-200,-78,-200,-200,-200,-200,-200,-200,-200,-200
I06,-200,-80,-200,-200,-200,-200,-200,-200,-200,-200,-200,-200,-200
I08,-200,-77,-200,-200,-81,-200,-200,-81,-200,-200,-200,-200,-200
I08,-200,-77,-200,-200,-79,-200,-200,-200,-200,-200,-200,-200,-200
I08,-200,-75,-200,-200,-78,-200,-200,-80,-200,-200,-200,-200,-200
I08,-200,-79,-200,-200,-79,-200,-200,-200,-200,-200,-200,-200,-200
I08,-79,-200,-200,-200,-80,-200,-200,-78,-200,-200,-200,-200,-200
I08,-77,-200,-200,-200,-78,-200,-200,-76,-200,-200,-200,-200,-200
I08,-200,-200,-200,-200,-200,-200,-200,-74,-200,-200,-200,-200,-200
I08,-72,-200,-200,-200,-200,-200,-200,-72,-200,-200,-200,-200,-200
I07,-200,-81,-200,-200,-72,-200,-200,-200,-200,-200,-200,-200,-200
I07,-200,-200,-200,-200,-72,-200,-85,-200,-200,-200,-200,-200,-200
I07,-200,-200,-200,-200,-72,-200,-200,-200,-200,-200,-200,-200,-200
I07,-200,-200,-200,-200,-72,-200,-200,-200,-200,-200,-200,-200,-200
W15,-200,-200,-200,-200,-200,-200,-200,-200,-200,-200,-200,-200,-75
W15,-200,-200,-200,-200,-200,-200,-200,-200,-200,-200,-200,-200,-67
W15,-200,-200,-200,-200,-200,-200,-200,-200,-200,-200,-200,-200,-71
W15,-200,-200,-200,-200,-200,-200,-200,-200,-200,-200,-200,-200,-75
W15,-200,-200,-200,-200,-200,-200,-200,-200,-200,-200,-200,-200,-62
W15,-200,-200,-200,-200,-200,-200,-200,-200,-200,-200,-200,-200,-61
T15,-200,-200,-200,-200,-200,-200,-200,-200,-200,-200,-200,-81,-81
T15,-200,-200,-200,-200,-200,-200,-200,-200,-200,-200,-200,-200,-76
R15,-200,-200,-200,-200,-200,-200,-200,-200,-200,-200,-200,-67,-200
R15,-200,-200,-200,-200,-200,-200,-200,-200,-200,-200,-200,-67,-79
R15,-200,-200,-200,-200,-200,-200,-200,-200,-200,-200,-200,-60,-200
R15,-200,-200,-200,-200,-200,-200,-200,-78,-200,-200,-200,-65,-200
R15,-200,-200,-200,-200,-200,-200,-200,-200,-200,-200,-200,-62,-200
R15,-200,-200,-200,-200,-200,-200,-200,-200,-200,-200,-200,-60,-200
P15,-200,-200,-200,-200,-200,-200,-200,-200,-200,-200,-200,-73,-200
P15,-200,-200,-200,-200,-200,-200,-200,-200,-200,-200,-200,-76,-200
P15,-200,-200,-200,-200,-200,-200,-200,-200,-200,-200,-200,-81,-200
P15,-200,-200,-200,-200,-200,-200,-200,-200,-200,-200,-200,-77,-200
N15,-200,-200,-200,-200,-200,-200,-200,-200,-200,-200,-76,-200,-200
N15,-200,-200,-200,-200,-200,-200,-200,-200,-200,-200,-79,-80,-200
N15,-200,-200,-200,-200,-200,-200,-200,-200,-200,-200,-61,-200,-200
N15,-200,-200,-200,-200,-200,-200,-200,-200,-200,-200,-66,-200,-200
L15,-200,-200,-200,-200,-200,-200,-200,-200,-200,-200,-81,-81,-200
L15,-200,-200,-200,-200,-200,-200,-200,-200,-200,-200,-70,-82,-200
L15,-200,-200,-200,-200,-200,-200,-200,-200,-200,-78,-200,-81,-81
L15,-200,-200,-200,-200,-200,-200,-200,-200,-200,-200,-72,-79,-200
L15,-200,-200,-200,-200,-200,-200,-200,-200,-200,-200,-68,-200,-200
J15,-200,-200,-200,-200,-200,-200,-200,-200,-200,-62,-75,-200,-200
J15,-200,-200,-200,-200,-200,-200,-200,-200,-200,-67,-85,-200,-200
G15,-200,-200,-200,-200,-200,-200,-200,-200,-200,-79,-200,-200,-200
G15,-200,-200,-200,-200,-200,-200,-200,-200,-200,-78,-200,-200,-200
E15,-200,-200,-200,-200,-200,-200,-200,-200,-72,-200,-200,-200,-200
E15,-200,-200,-200,-200,-200,-200,-200,-200,-78,-200,-200,-200,-200
D15,-200,-200,-200,-200,-200,-200,-200,-200,-59,-200,-200,-200,-200
D15,-200,-200,-200,-200,-200,-200,-200,-200,-59,-200,-200,-200,-200
D15,-200,-200,-200,-200,-200,-200,-200,-200,-56,-200,-200,-200,-200
D15,-200,-200,-200,-200,-200,-200,-200,-200,-57,-200,-200,-200,-200
J10,-200,-200,-200,-200,-77,-200,-200,-63,-200,-200,-200,-200,-200
J10,-200,-200,-200,-200,-200,-200,-200,-62,-200,-200,-200,-200,-200
J10,-200,-200,-200,-200,-200,-200,-200,-56,-200,-200,-200,-200,-200
J10,-200,-80,-200,-200,-200,-200,-200,-62,-200,-79,-200,-200,-200
I10,-200,-200,-200,-200,-200,-200,-200,-60,-200,-200,-200,-200,-200
I10,-200,-200,-200,-200,-78,-200,-200,-69,-200,-200,-200,-200,-200
I10,-200,-200,-200,-200,-200,-200,-200,-71,-200,-80,-200,-200,-200
I10,-200,-200,-200,-200,-200,-200,-200,-67,-200,-81,-200,-200,-200
I07,-200,-200,-200,-200,-74,-200,-200,-78,-200,-200,-200,-200,-200
I07,-200,-80,-200,-200,-68,-200,-200,-76,-200,-200,-200,-200,-200
I07,-200,-83,-200,-200,-68,-200,-200,-82,-200,-200,-200,-200,-200
I07,-200,-200,-200,-200,-66,-200,-200,-200,-200,-200,-200,-200,-200
J07,-200,-200,-200,-200,-61,-200,-200,-200,-200,-200,-200,-200,-200
J07,-200,-200,-200,-200,-61,-200,-200,-200,-200,-200,-200,-200,-200
J07,-200,-200,-200,-200,-60,-200,-200,-77,-200,-200,-200,-200,-200
J07,-200,-200,-200,-200,-63,-200,-200,-200,-200,-200,-200,-200,-200
J02,-200,-78,-200,-200,-200,-200,-200,-200,-200,-200,-200,-200,-200
J02,-200,-73,-200,-200,-200,-200,-200,-200,-200,-200,-200,-200,-200
J04,-200,-65,-200,-200,-200,-200,-200,-200,-200,-200,-200,-200,-200
J04,-200,-67,-200,-200,-200,-200,-200,-200,-200,-200,-200,-200,-200
J04,-200,-60,-200,-200,-79,-200,-200,-200,-200,-200,-200,-200,-200
J04,-200,-61,-200,-200,-200,-200,-200,-200,-200,-200,-200,-200,-200
I04,-200,-74,-200,-200,-200,-80,-200,-200,-200,-200,-200,-200,-200
I04,-200,-70,-200,-200,-200,-200,-200,-200,-200,-200,-200,-200,-200
F08,-67,-200,-200,-200,-200,-200,-200,-200,-200,-200,-200,-200,-200
F08,-70,-200,-200,-200,-200,-200,-200,-200,-200,-200,-200,-200,-200
I06,-200,-68,-200,-200,-81,-200,-200,-200,-200,-200,-200,-200,-200
I06,-200,-70,-200,-200,-77,-200,-200,-200,-200,-200,-200,-200,-200
I06,-200,-71,-200,-200,-81,-200,-200,-78,-200,-200,-200,-200,-200
I06,-200,-71,-200,-200,-73,-200,-200,-81,-200,-200,-200,-200,-200
I06,-200,-75,-200,-200,-80,-200,-200,-79,-200,-200,-200,-200,-200
I06,-200,-75,-200,-200,-80,-200,-200,-77,-200,-200,-200,-200,-200
J06,-200,-73,-200,-200,-200,-200,-200,-77,-200,-200,-200,-200,-200
J06,-200,-78,-200,-200,-200,-200,-200,-77,-200,-200,-200,-200,-200
J06,-200,-81,-200,-200,-200,-200,-200,-200,-200,-200,-200,-200,-200
J06,-200,-80,-200,-200,-77,-200,-200,-200,-200,-200,-200,-200,-200
J06,-200,-76,-200,-200,-200,-200,-200,-200,-200,-200,-200,-200,-200
J06,-200,-74,-200,-200,-77,-200,-200,-200,-200,-200,-200,-200,-200
J06,-200,-72,-200,-200,-75,-200,-200,-200,-200,-200,-200,-200,-200
J06,-200,-79,-200,-200,-200,-200,-200,-78,-200,-200,-200,-200,-200
K06,-200,-77,-200,-200,-74,-200,-200,-200,-200,-200,-200,-200,-200
K06,-200,-79,-200,-200,-76,-200,-200,-200,-200,-200,-200,-200,-200
K06,-200,-80,-200,-200,-200,-200,-200,-200,-200,-200,-200,-200,-200
K06,-200,-200,-200,-200,-72,-200,-200,-200,-200,-200,-200,-200,-200
K06,-200,-200,-200,-200,-79,-78,-200,-200,-200,-200,-200,-200,-200
K06,-200,-200,-200,-200,-200,-81,-200,-200,-200,-200,-200,-200,-200
L06,-200,-200,-200,-200,-78,-200,-200,-200,-200,-200,-200,-200,-200
L06,-200,-200,-200,-200,-78,-76,-200,-200,-200,-200,-200,-200,-200
L06,-200,-200,-200,-200,-200,-81,-200,-200,-200,-200,-200,-200,-200
L06,-200,-200,-200,-200,-73,-200,-200,-200,-200,-200,-200,-200,-200
L06,-200,-200,-200,-200,-79,-80,-200,-200,-200,-200,-200,-200,-200
L06,-200,-200,-200,-200,-82,-200,-200,-200,-200,-200,-200,-200,-200
L06,-200,-200,-200,-200,-81,-200,-200,-200,-200,-200,-200,-200,-200
L06,-200,-200,-200,-200,-79,-200,-200,-200,-200,-200,-200,-200,-200
L06,-200,-200,-200,-200,-77,-200,-200,-200,-200,-200,-200,-200,-200
M06,-200,-200,-200,-200,-81,-83,-200,-200,-200,-200,-200,-200,-200
M06,-200,-200,-200,-200,-200,-86,-200,-200,-200,-200,-200,-200,-200
M06,-200,-200,-200,-200,-83,-200,-200,-200,-200,-200,-200,-200,-200
M06,-200,-200,-200,-200,-74,-200,-200,-200,-200,-200,-200,-200,-200
M06,-200,-200,-200,-200,-81,-72,-200,-200,-200,-200,-200,-200,-200
M06,-200,-200,-200,-200,-78,-72,-200,-200,-200,-200,-200,-200,-200
M06,-200,-81,-200,-200,-80,-71,-200,-200,-200,-200,-200,-200,-200
M06,-200,-200,-200,-200,-200,-70,-200,-200,-200,-200,-200,-200,-200
M06,-200,-200,-200,-200,-200,-69,-200,-200,-200,-200,-200,-200,-200
M06,-200,-200,-200,-200,-80,-77,-200,-200,-200,-200,-200,-200,-200
N06,-200,-200,-200,-200,-200,-67,-200,-200,-200,-200,-200,-200,-200
N06,-200,-200,-200,-200,-200,-69,-200,-200,-200,-200,-200,-200,-200
N06,-200,-200,-200,-200,-81,-200,-200,-200,-200,-200,-200,-200,-200
N06,-200,-200,-200,-200,-80,-200,-200,-200,-200,-200,-200,-200,-200
N06,-200,-200,-200,-200,-200,-63,-200,-200,-200,-200,-200,-200,-200
N06,-200,-200,-200,-200,-200,-68,-200,-200,-200,-200,-200,-200,-200
N06,-200,-200,-200,-200,-200,-67,-200,-200,-200,-200,-200,-200,-200
N06,-200,-200,-200,-200,-200,-67,-200,-200,-200,-200,-200,-200,-200
O06,-200,-200,-200,-200,-200,-73,-200,-200,-200,-200,-200,-200,-200
O06,-200,-200,-200,-200,-200,-70,-200,-200,-200,-200,-200,-200,-200
O06,-200,-200,-200,-200,-200,-78,-200,-200,-200,-200,-200,-200,-200
O06,-200,-200,-200,-200,-200,-80,-200,-200,-200,-200,-200,-200,-200
O06,-200,-200,-200,-200,-200,-67,-200,-200,-200,-200,-200,-200,-200
O06,-200,-200,-200,-200,-200,-69,-200,-200,-200,-200,-200,-200,-200
O06,-200,-200,-200,-81,-200,-77,-200,-200,-200,-200,-200,-200,-200
O06,-200,-200,-200,-200,-200,-74,-200,-200,-200,-200,-200,-200,-200
P06,-200,-200,-200,-200,-200,-77,-200,-200,-200,-200,-200,-200,-200
P06,-200,-200,-200,-81,-200,-77,-200,-200,-200,-200,-200,-200,-200
P06,-200,-200,-200,-200,-200,-79,-200,-200,-200,-200,-200,-200,-200
P06,-200,-200,-200,-80,-200,-80,-200,-200,-200,-200,-200,-200,-200
Q06,-200,-200,-200,-200,-200,-80,-200,-200,-200,-200,-200,-200,-200
Q06,-200,-200,-200,-200,-200,-76,-200,-200,-200,-200,-200,-200,-200
R06,-200,-200,-200,-200,-200,-200,-81,-200,-200,-200,-200,-200,-200
R06,-200,-200,-200,-78,-200,-200,-79,-200,-200,-200,-200,-200,-200
R06,-200,-200,-200,-200,-200,-200,-77,-200,-200,-200,-200,-200,-200
S06,-200,-200,-200,-74,-200,-200,-200,-200,-200,-200,-200,-200,-200
S06,-200,-200,-200,-77,-200,-200,-82,-200,-200,-200,-200,-200,-200
S06,-200,-200,-200,-82,-200,-200,-78,-200,-200,-200,-200,-200,-200
S06,-200,-200,-200,-200,-200,-200,-80,-200,-200,-200,-200,-200,-200
S06,-200,-200,-200,-78,-200,-200,-200,-200,-200,-200,-200,-200,-200
S06,-200,-200,-200,-78,-200,-200,-79,-200,-200,-200,-200,-200,-200
U05,-200,-200,-200,-71,-200,-200,-200,-200,-200,-200,-200,-200,-200
U05,-200,-200,-200,-71,-200,-200,-200,-200,-200,-200,-200,-200,-200
U05,-200,-200,-200,-77,-200,-200,-200,-200,-200,-200,-200,-200,-200
U05,-200,-200,-200,-77,-200,-200,-200,-200,-200,-200,-200,-200,-200
T05,-200,-200,-200,-81,-200,-200,-200,-200,-200,-200,-200,-200,-200
T05,-200,-200,-200,-80,-200,-200,-200,-200,-200,-200,-200,-200,-200
T05,-200,-200,-200,-200,-200,-200,-80,-200,-200,-200,-200,-200,-200
T05,-200,-200,-200,-76,-200,-200,-200,-200,-200,-200,-200,-200,-200
T05,-200,-200,-200,-78,-200,-200,-200,-200,-200,-200,-200,-200,-200
S05,-200,-200,-200,-74,-200,-200,-200,-200,-200,-200,-200,-200,-200
S05,-200,-200,-200,-63,-200,-200,-200,-200,-200,-200,-200,-200,-200
S05,-200,-200,-200,-65,-200,-200,-82,-200,-200,-200,-200,-200,-200
S05,-200,-200,-200,-70,-200,-200,-200,-200,-200,-200,-200,-200,-200
S05,-200,-200,-200,-70,-200,-200,-200,-200,-200,-200,-200,-200,-200
S05,-200,-200,-200,-76,-200,-200,-200,-200,-200,-200,-200,-200,-200
S05,-200,-200,-200,-70,-200,-200,-200,-200,-200,-200,-200,-200,-200
R05,-200,-200,-200,-71,-200,-200,-200,-200,-200,-200,-200,-200,-200
R05,-200,-200,-200,-79,-200,-200,-200,-200,-200,-200,-200,-200,-200
R05,-200,-200,-200,-75,-200,-200,-200,-200,-200,-200,-200,-200,-200
R05,-200,-200,-200,-76,-200,-200,-200,-200,-200,-200,-200,-200,-200
R05,-200,-200,-200,-77,-200,-200,-81,-200,-200,-200,-200,-200,-200
R05,-200,-200,-200,-200,-200,-200,-80,-200,-200,-200,-200,-200,-200
R05,-200,-200,-200,-65,-200,-200,-200,-200,-200,-200,-200,-200,-200
R05,-200,-200,-200,-70,-200,-200,-81,-200,-200,-200,-200,-200,-200
Q05,-200,-81,-200,-78,-200,-200,-200,-200,-200,-200,-200,-200,-200
Q05,-200,-200,-200,-81,-200,-200,-200,-200,-200,-200,-200,-200,-200
Q05,-200,-200,-200,-67,-200,-200,-200,-200,-200,-200,-200,-200,-200
Q05,-200,-200,-200,-75,-200,-200,-200,-200,-200,-200,-200,-200,-200
Q05,-200,-200,-200,-69,-200,-200,-200,-200,-200,-200,-200,-200,-200
Q05,-200,-200,-200,-69,-200,-200,-200,-200,-200,-200,-200,-200,-200
Q05,-200,-200,-200,-76,-200,-200,-200,-200,-200,-200,-200,-200,-200
Q05,-200,-200,-200,-72,-200,-200,-200,-200,-200,-200,-200,-200,-200
Q05,-200,-200,-200,-79,-200,-200,-200,-200,-200,-200,-200,-200,-200
Q05,-200,-200,-200,-74,-200,-200,-200,-200,-200,-200,-200,-200,-200
Q05,-200,-200,-200,-75,-200,-200,-200,-200,-200,-200,-200,-200,-200
Q05,-200,-200,-200,-200,-200,-80,-200,-200,-200,-200,-200,-200,-200
P05,-200,-200,-200,-79,-200,-76,-200,-200,-200,-200,-200,-200,-200
P05,-200,-200,-200,-200,-200,-76,-200,-200,-200,-200,-200,-200,-200
P05,-200,-200,-200,-71,-200,-200,-200,-200,-200,-200,-200,-200,-200
P05,-200,-200,-200,-72,-200,-200,-200,-200,-200,-200,-200,-200,-200
P05,-200,-200,-200,-80,-200,-80,-200,-200,-200,-200,-200,-200,-200
P05,-200,-200,-200,-76,-200,-79,-200,-200,-200,-200,-200,-200,-200
O05,-200,-200,-200,-76,-200,-200,-200,-200,-200,-200,-200,-200,-200
O05,-200,-200,-200,-72,-200,-200,-200,-200,-200,-200,-200,-200,-200
O05,-200,-200,-200,-72,-200,-200,-200,-200,-200,-200,-200,-200,-200
O05,-200,-200,-200,-71,-200,-200,-200,-200,-200,-200,-200,-200,-200
O05,-200,-200,-200,-77,-200,-200,-200,-200,-200,-200,-200,-200,-200
O05,-200,-200,-200,-77,-200,-200,-200,-200,-200,-200,-200,-200,-200
O05,-200,-200,-200,-77,-200,-75,-200,-200,-200,-200,-200,-200,-200
O05,-200,-200,-200,-80,-200,-74,-200,-200,-200,-200,-200,-200,-200
O05,-200,-200,-200,-73,-200,-200,-200,-200,-200,-200,-200,-200,-200
O05,-200,-200,-200,-73,-200,-80,-200,-200,-200,-200,-200,-200,-200
O05,-200,-200,-200,-79,-200,-78,-200,-200,-200,-200,-200,-200,-200
O05,-200,-200,-200,-80,-200,-77,-200,-200,-200,-200,-200,-200,-200
N05,-200,-200,-200,-79,-82,-200,-200,-200,-200,-200,-200,-200,-200
N05,-200,-200,-200,-200,-200,-78,-200,-200,-200,-200,-200,-200,-200
N05,-200,-200,-200,-200,-200,-73,-200,-200,-200,-200,-200,-200,-200
N05,-200,-200,-200,-200,-200,-79,-200,-200,-200,-200,-200,-200,-200
N05,-200,-200,-200,-200,-200,-76,-200,-200,-200,-200,-200,-200,-200
N05,-200,-200,-200,-200,-200,-78,-200,-200,-200,-200,-200,-200,-200
M05,-200,-200,-200,-77,-200,-78,-200,-200,-200,-200,-200,-200,-200
M05,-200,-200,-200,-200,-200,-81,-200,-200,-200,-200,-200,-200,-200
M05,-200,-200,-200,-200,-200,-79,-200,-200,-200,-200,-200,-200,-200
M05,-200,-81,-200,-200,-78,-200,-200,-200,-200,-200,-200,-200,-200
M05,-200,-200,-200,-200,-80,-200,-200,-200,-200,-200,-200,-200,-200
L05,-200,-77,-200,-200,-200,-200,-200,-200,-200,-200,-200,-200,-200
L05,-200,-81,-200,-200,-200,-200,-200,-200,-200,-200,-200,-200,-200
L05,-200,-77,-200,-80,-200,-200,-200,-200,-200,-200,-200,-200,-200
L05,-200,-200,-200,-200,-200,-74,-200,-200,-200,-200,-200,-200,-200
L05,-200,-200,-200,-200,-200,-74,-200,-200,-200,-200,-200,-200,-200
K05,-200,-81,-200,-200,-200,-79,-200,-200,-200,-200,-200,-200,-200
K05,-200,-78,-200,-78,-200,-77,-200,-200,-200,-200,-200,-200,-200
K05,-200,-80,-200,-200,-200,-82,-200,-200,-200,-200,-200,-200,-200
K05,-200,-74,-200,-200,-200,-200,-200,-200,-200,-200,-200,-200,-200
K05,-200,-70,-200,-200,-200,-200,-200,-200,-200,-200,-200,-200,-200
K05,-200,-70,-200,-200,-200,-200,-200,-200,-200,-200,-200,-200,-200
K05,-200,-69,-200,-200,-200,-200,-200,-200,-200,-200,-200,-200,-200
K05,-200,-76,-200,-200,-200,-200,-200,-200,-200,-200,-200,-200,-200
K05,-200,-72,-200,-200,-200,-200,-200,-200,-200,-200,-200,-200,-200
J05,-200,-66,-200,-200,-200,-200,-200,-200,-200,-200,-200,-200,-200
J05,-200,-67,-200,-200,-82,-200,-200,-200,-200,-200,-200,-200,-200
J05,-200,-71,-200,-200,-200,-200,-200,-200,-200,-200,-200,-200,-200
J05,-200,-69,-200,-200,-200,-200,-200,-200,-200,-200,-200,-200,-200
J05,-200,-65,-200,-200,-200,-200,-200,-80,-200,-200,-200,-200,-200
J05,-200,-64,-200,-200,-200,-200,-200,-200,-200,-200,-200,-200,-200
I05,-200,-66,-200,-200,-200,-200,-200,-200,-200,-200,-200,-200,-200
I05,-200,-78,-200,-200,-200,-200,-200,-200,-200,-200,-200,-200,-200
I05,-200,-75,-200,-200,-200,-200,-200,-200,-200,-200,-200,-200,-200
I05,-200,-71,-200,-200,-200,-200,-200,-200,-200,-200,-200,-200,-200
I05,-200,-73,-200,-200,-200,-200,-200,-200,-200,-200,-200,-200,-200
I05,-200,-68,-200,-200,-200,-200,-200,-200,-200,-200,-200,-200,-200
I04,-74,-200,-200,-200,-200,-200,-200,-200,-200,-200,-200,-200,-200
I04,-200,-76,-200,-200,-200,-200,-200,-200,-200,-200,-200,-200,-200
I04,-200,-70,-79,-200,-200,-200,-200,-200,-200,-200,-200,-200,-200
I04,-200,-78,-200,-200,-200,-200,-200,-200,-200,-200,-200,-200,-200
I04,-200,-65,-200,-200,-200,-200,-200,-200,-200,-200,-200,-200,-200
I04,-200,-65,-200,-200,-200,-200,-200,-200,-200,-200,-200,-200,-200
J04,-200,-75,-79,-200,-200,-200,-200,-200,-200,-200,-200,-200,-200
J04,-200,-73,-200,-200,-200,-200,-200,-200,-200,-200,-200,-200,-200
J04,-200,-76,-81,-200,-200,-200,-200,-200,-200,-200,-200,-200,-200
J04,-200,-67,-200,-200,-200,-200,-200,-200,-200,-200,-200,-200,-200
J04,-200,-68,-200,-200,-200,-200,-200,-200,-200,-200,-200,-200,-200
J04,-200,-68,-200,-200,-200,-200,-200,-200,-200,-200,-200,-200,-200
J04,-200,-70,-79,-200,-200,-200,-200,-200,-200,-200,-200,-200,-200
J04,-200,-66,-200,-200,-200,-200,-200,-200,-200,-200,-200,-200,-200
K04,-200,-66,-75,-200,-200,-200,-200,-200,-200,-200,-200,-200,-200
K04,-200,-66,-79,-200,-200,-200,-200,-200,-200,-200,-200,-200,-200
K04,-200,-66,-200,-200,-200,-200,-200,-200,-200,-200,-200,-200,-200
K04,-200,-68,-77,-200,-200,-200,-200,-200,-200,-200,-200,-200,-200
K04,-200,-64,-200,-200,-200,-200,-200,-200,-200,-200,-200,-200,-200
K04,-200,-63,-200,-200,-200,-200,-200,-200,-200,-200,-200,-200,-200
K04,-200,-66,-200,-200,-200,-200,-200,-200,-200,-200,-200,-200,-200
K04,-200,-62,-200,-200,-200,-200,-200,-200,-200,-200,-200,-200,-200
K04,-200,-67,-200,-200,-200,-200,-200,-200,-200,-200,-200,-200,-200
K04,-200,-65,-200,-200,-200,-200,-200,-200,-200,-200,-200,-200,-200
K04,-200,-66,-200,-200,-200,-200,-200,-200,-200,-200,-200,-200,-200
K04,-200,-67,-81,-200,-200,-81,-200,-200,-200,-200,-200,-200,-200
L04,-200,-200,-85,-200,-200,-200,-200,-200,-200,-200,-200,-200,-200
L04,-200,-70,-200,-200,-200,-80,-200,-200,-200,-200,-200,-200,-200
L04,-200,-66,-200,-200,-200,-200,-200,-200,-200,-200,-200,-200,-200
L04,-200,-66,-200,-200,-200,-200,-200,-200,-200,-200,-200,-200,-200
L04,-200,-66,-200,-200,-200,-200,-200,-200,-200,-200,-200,-200,-200
L04,-200,-64,-200,-200,-200,-200,-200,-200,-200,-200,-200,-200,-200
L04,-200,-71,-78,-200,-200,-200,-200,-200,-200,-200,-200,-200,-200
L04,-200,-72,-80,-200,-200,-200,-200,-200,-200,-200,-200,-200,-200
M04,-200,-72,-79,-200,-200,-200,-200,-200,-200,-200,-200,-200,-200
M04,-200,-73,-200,-200,-200,-200,-200,-200,-200,-200,-200,-200,-200
M04,-200,-75,-200,-200,-200,-200,-200,-200,-200,-200,-200,-200,-200
M04,-200,-73,-200,-200,-200,-200,-200,-200,-200,-200,-200,-200,-200
M04,-200,-81,-78,-200,-200,-200,-200,-200,-200,-200,-200,-200,-200
M04,-200,-200,-78,-200,-200,-200,-200,-200,-200,-200,-200,-200,-200
M04,-200,-200,-75,-200,-200,-200,-200,-200,-200,-200,-200,-200,-200
M04,-200,-200,-74,-200,-200,-200,-200,-200,-200,-200,-200,-200,-200
M04,-200,-71,-68,-200,-200,-200,-200,-200,-200,-200,-200,-200,-200
M04,-200,-75,-200,-200,-200,-200,-200,-200,-200,-200,-200,-200,-200
N04,-200,-75,-71,-200,-200,-200,-200,-200,-200,-200,-200,-200,-200
N04,-200,-76,-68,-200,-200,-200,-200,-200,-200,-200,-200,-200,-200
N04,-200,-78,-200,-200,-200,-200,-200,-200,-200,-200,-200,-200,-200
N04,-200,-81,-60,-200,-200,-79,-200,-200,-200,-200,-200,-200,-200
N04,-200,-81,-60,-200,-200,-200,-200,-200,-200,-200,-200,-200,-200
O04,-200,-77,-60,-200,-200,-200,-200,-200,-200,-200,-200,-200,-200
O04,-200,-77,-63,-200,-200,-77,-200,-200,-200,-200,-200,-200,-200
O04,-200,-73,-56,-200,-200,-76,-200,-200,-200,-200,-200,-200,-200
O04,-200,-77,-62,-200,-200,-80,-200,-200,-200,-200,-200,-200,-200
O04,-200,-81,-61,-200,-200,-82,-200,-200,-200,-200,-200,-200,-200
O04,-200,-77,-66,-200,-200,-78,-200,-200,-200,-200,-200,-200,-200
O04,-200,-200,-74,-200,-200,-200,-200,-200,-200,-200,-200,-200,-200
O04,-200,-200,-69,-200,-200,-200,-200,-200,-200,-200,-200,-200,-200
O04,-200,-80,-75,-200,-200,-200,-200,-200,-200,-200,-200,-200,-200
O04,-200,-77,-71,-200,-200,-200,-200,-200,-200,-200,-200,-200,-200
O04,-200,-78,-63,-200,-200,-200,-200,-200,-200,-200,-200,-200,-200
O04,-200,-200,-66,-200,-200,-200,-200,-200,-200,-200,-200,-200,-200
P04,-200,-80,-81,-200,-200,-200,-200,-200,-200,-200,-200,-200,-200
P04,-200,-200,-71,-200,-200,-200,-200,-200,-200,-200,-200,-200,-200
P04,-200,-81,-76,-200,-200,-200,-200,-200,-200,-200,-200,-200,-200
P04,-200,-80,-75,-200,-200,-200,-200,-200,-200,-200,-200,-200,-200
P04,-200,-200,-74,-200,-200,-82,-200,-200,-200,-200,-200,-200,-200
P04,-200,-200,-66,-200,-200,-79,-200,-200,-200,-200,-200,-200,-200
P04,-200,-200,-76,-200,-200,-200,-200,-200,-200,-200,-200,-200,-200
P04,-200,-81,-75,-200,-200,-77,-200,-200,-200,-200,-200,-200,-200
P04,-200,-200,-74,-200,-200,-200,-200,-200,-200,-200,-200,-200,-200
Q04,-200,-200,-72,-80,-200,-200,-200,-200,-200,-200,-200,-200,-200
Q04,-200,-78,-71,-81,-200,-200,-80,-200,-200,-200,-200,-200,-200
Q04,-200,-79,-72,-200,-200,-200,-81,-200,-200,-200,-200,-200,-200
Q04,-200,-200,-74,-200,-200,-200,-81,-200,-200,-200,-200,-200,-200
Q04,-200,-79,-74,-200,-200,-200,-200,-200,-200,-200,-200,-200,-200
Q04,-200,-200,-75,-200,-200,-200,-200,-200,-200,-200,-200,-200,-200
Q04,-200,-79,-200,-81,-200,-200,-200,-200,-200,-200,-200,-200,-200
Q04,-200,-200,-75,-80,-200,-200,-200,-200,-200,-200,-200,-200,-200
Q04,-200,-200,-74,-79,-200,-200,-200,-200,-200,-200,-200,-200,-200
Q04,-200,-200,-77,-200,-200,-200,-200,-200,-200,-200,-200,-200,-200
R04,-200,-200,-200,-69,-200,-200,-200,-200,-200,-200,-200,-200,-200
R04,-200,-200,-75,-77,-200,-200,-200,-200,-200,-200,-200,-200,-200
R04,-200,-200,-200,-72,-200,-200,-200,-200,-200,-200,-200,-200,-200
R04,-200,-200,-79,-69,-200,-200,-200,-200,-200,-200,-200,-200,-200
R04,-200,-200,-80,-72,-200,-200,-200,-200,-200,-200,-200,-200,-200
S04,-200,-200,-200,-61,-200,-200,-200,-200,-200,-200,-200,-200,-200
S04,-200,-200,-200,-64,-200,-200,-200,-200,-200,-200,-200,-200,-200
S04,-200,-200,-79,-66,-200,-200,-200,-200,-200,-200,-200,-200,-200
S04,-200,-200,-80,-62,-200,-200,-200,-200,-200,-200,-200,-200,-200
S04,-200,-200,-200,-59,-200,-200,-200,-200,-200,-200,-200,-200,-200
S04,-200,-200,-200,-61,-200,-200,-200,-200,-200,-200,-200,-200,-200
T04,-200,-200,-200,-69,-200,-200,-200,-200,-200,-200,-200,-200,-200
T04,-200,-200,-200,-69,-200,-200,-200,-200,-200,-200,-200,-200,-200
T04,-200,-200,-200,-67,-200,-200,-200,-200,-200,-200,-200,-200,-200
T04,-200,-200,-200,-67,-200,-200,-200,-200,-200,-200,-200,-200,-200
T04,-200,-200,-200,-68,-200,-200,-200,-200,-200,-200,-200,-200,-200
T04,-200,-200,-200,-70,-200,-200,-200,-200,-200,-200,-200,-200,-200
U04,-200,-200,-200,-72,-200,-200,-200,-200,-200,-200,-200,-200,-200
U04,-200,-200,-200,-70,-200,-200,-200,-200,-200,-200,-200,-200,-200
U04,-200,-200,-200,-70,-200,-200,-200,-200,-200,-200,-200,-200,-200
U04,-200,-200,-200,-71,-200,-200,-200,-200,-200,-200,-200,-200,-200
U04,-200,-200,-200,-67,-200,-200,-200,-200,-200,-200,-200,-200,-200
U04,-200,-200,-200,-71,-200,-200,-200,-200,-200,-200,-200,-200,-200
U04,-200,-200,-200,-71,-200,-200,-200,-200,-200,-200,-200,-200,-200
U03,-200,-200,-200,-80,-200,-200,-200,-200,-200,-200,-200,-200,-200
U03,-200,-200,-200,-78,-200,-200,-200,-200,-200,-200,-200,-200,-200
U03,-200,-200,-200,-74,-200,-200,-200,-200,-200,-200,-200,-200,-200
U03,-200,-200,-200,-72,-200,-200,-200,-200,-200,-200,-200,-200,-200
U03,-200,-200,-200,-71,-200,-200,-200,-200,-200,-200,-200,-200,-200
U03,-200,-200,-200,-70,-200,-200,-200,-200,-200,-200,-200,-200,-200
U03,-200,-200,-200,-77,-200,-200,-200,-200,-200,-200,-200,-200,-200
T03,-200,-200,-200,-73,-200,-200,-200,-200,-200,-200,-200,-200,-200
T03,-200,-200,-200,-77,-200,-200,-200,-200,-200,-200,-200,-200,-200
T03,-200,-200,-200,-78,-200,-200,-200,-200,-200,-200,-200,-200,-200
S03,-200,-200,-200,-70,-200,-200,-200,-200,-200,-200,-200,-200,-200
S03,-200,-200,-200,-73,-200,-200,-200,-200,-200,-200,-200,-200,-200
S03,-200,-200,-200,-81,-200,-200,-200,-200,-200,-200,-200,-200,-200
S03,-200,-200,-200,-70,-200,-200,-200,-200,-200,-200,-200,-200,-200
S03,-200,-200,-200,-71,-200,-200,-200,-200,-200,-200,-200,-200,-200
S03,-200,-200,-200,-70,-200,-200,-200,-200,-200,-200,-200,-200,-200
S03,-200,-200,-200,-72,-200,-200,-200,-200,-200,-200,-200,-200,-200
S03,-200,-200,-200,-69,-200,-200,-79,-200,-200,-200,-200,-200,-200
S03,-200,-200,-200,-66,-200,-200,-200,-200,-200,-200,-200,-200,-200
S03,-200,-200,-200,-66,-200,-200,-200,-200,-200,-200,-200,-200,-200
R03,-200,-200,-200,-75,-200,-200,-78,-200,-200,-200,-200,-200,-200
R03,-200,-200,-200,-78,-200,-200,-79,-200,-200,-200,-200,-200,-200
R03,-200,-200,-200,-76,-200,-200,-200,-200,-200,-200,-200,-200,-200
R03,-200,-200,-200,-72,-200,-200,-200,-200,-200,-200,-200,-200,-200
R03,-200,-200,-200,-71,-200,-200,-200,-200,-200,-200,-200,-200,-200
R03,-200,-200,-200,-78,-200,-200,-200,-200,-200,-200,-200,-200,-200
R03,-200,-200,-200,-76,-200,-200,-200,-200,-200,-200,-200,-200,-200
R03,-200,-200,-200,-76,-200,-200,-200,-200,-200,-200,-200,-200,-200
R03,-200,-200,-200,-77,-200,-200,-200,-200,-200,-200,-200,-200,-200
Q03,-200,-200,-200,-74,-200,-200,-200,-200,-200,-200,-200,-200,-200
Q03,-200,-200,-200,-73,-200,-200,-200,-200,-200,-200,-200,-200,-200
Q03,-200,-200,-200,-75,-200,-200,-200,-200,-200,-200,-200,-200,-200
Q03,-200,-200,-200,-76,-200,-200,-200,-200,-200,-200,-200,-200,-200
Q03,-200,-200,-78,-77,-200,-200,-200,-200,-200,-200,-200,-200,-200
Q03,-200,-200,-200,-75,-200,-200,-200,-200,-200,-200,-200,-200,-200
Q03,-200,-200,-81,-82,-200,-200,-200,-200,-200,-200,-200,-200,-200
Q03,-200,-200,-200,-76,-200,-200,-200,-200,-200,-200,-200,-200,-200
Q03,-200,-200,-200,-77,-200,-200,-200,-200,-200,-200,-200,-200,-200
P03,-200,-200,-200,-75,-200,-200,-200,-200,-200,-200,-200,-200,-200
P03,-200,-200,-200,-76,-200,-200,-200,-200,-200,-200,-200,-200,-200
P03,-200,-200,-81,-81,-200,-200,-200,-200,-200,-200,-200,-200,-200
P03,-200,-200,-82,-200,-200,-200,-200,-200,-200,-200,-200,-200,-200
P03,-200,-200,-79,-74,-200,-200,-200,-200,-200,-200,-200,-200,-200
P03,-200,-200,-81,-73,-200,-200,-200,-200,-200,-200,-200,-200,-200
O03,-200,-200,-77,-79,-200,-200,-200,-200,-200,-200,-200,-200,-200
O03,-200,-200,-200,-77,-200,-200,-200,-200,-200,-200,-200,-200,-200
O03,-200,-200,-75,-200,-200,-71,-200,-200,-200,-200,-200,-200,-200
O03,-200,-200,-75,-81,-200,-200,-200,-200,-200,-200,-200,-200,-200
O03,-200,-200,-70,-200,-200,-73,-200,-200,-200,-200,-200,-200,-200
O03,-200,-200,-73,-200,-200,-77,-200,-200,-200,-200,-200,-200,-200
O03,-200,-200,-72,-200,-200,-74,-200,-200,-200,-200,-200,-200,-200
O03,-200,-200,-77,-200,-200,-82,-200,-200,-200,-200,-200,-200,-200
O03,-200,-200,-80,-200,-200,-77,-200,-200,-200,-200,-200,-200,-200
O03,-200,-200,-73,-200,-200,-74,-200,-200,-200,-200,-200,-200,-200
N03,-200,-200,-66,-200,-200,-75,-200,-200,-200,-200,-200,-200,-200
N03,-200,-200,-69,-200,-200,-73,-200,-200,-200,-200,-200,-200,-200
N03,-200,-200,-80,-200,-200,-77,-200,-200,-200,-200,-200,-200,-200
N03,-200,-200,-70,-200,-200,-77,-200,-200,-200,-200,-200,-200,-200
N03,-200,-200,-68,-200,-200,-76,-200,-200,-200,-200,-200,-200,-200
N03,-200,-200,-74,-81,-200,-75,-200,-200,-200,-200,-200,-200,-200
N03,-200,-200,-71,-200,-82,-76,-200,-200,-200,-200,-200,-200,-200
N03,-200,-200,-69,-200,-81,-78,-200,-200,-200,-200,-200,-200,-200
M03,-200,-200,-73,-200,-200,-73,-200,-200,-200,-200,-200,-200,-200
M03,-200,-200,-69,-200,-200,-73,-200,-200,-200,-200,-200,-200,-200
M03,-200,-200,-63,-200,-200,-72,-200,-200,-200,-200,-200,-200,-200
M03,-200,-200,-63,-200,-200,-72,-200,-200,-200,-200,-200,-200,-200
M03,-200,-200,-65,-200,-80,-76,-200,-200,-200,-200,-200,-200,-200
M03,-200,-200,-64,-200,-200,-78,-200,-200,-200,-200,-200,-200,-200
L03,-200,-79,-74,-200,-200,-200,-200,-200,-200,-200,-200,-200,-200
L03,-200,-76,-74,-200,-81,-200,-200,-200,-200,-200,-200,-200,-200
L03,-200,-78,-79,-200,-200,-200,-200,-200,-200,-200,-200,-200,-200
L03,-200,-78,-200,-200,-200,-200,-200,-200,-200,-200,-200,-200,-200
L03,-200,-77,-78,-200,-200,-200,-200,-200,-200,-200,-200,-200,-200
L03,-200,-77,-77,-200,-200,-200,-200,-200,-200,-200,-200,-200,-200
K03,-200,-78,-200,-200,-200,-200,-200,-200,-200,-200,-200,-200,-200
K03,-200,-76,-76,-200,-200,-200,-200,-200,-200,-200,-200,-200,-200
K03,-200,-200,-81,-200,-200,-78,-200,-200,-200,-200,-200,-200,-200
K03,-200,-73,-81,-200,-200,-200,-200,-200,-200,-200,-200,-200,-200
K03,-200,-200,-78,-200,-200,-200,-200,-200,-200,-200,-200,-200,-200
K03,-200,-73,-200,-200,-200,-200,-200,-200,-200,-200,-200,-200,-200
K03,-200,-200,-82,-200,-200,-200,-200,-200,-200,-200,-200,-200,-200
K03,-200,-81,-200,-200,-200,-200,-200,-200,-200,-200,-200,-200,-200
J03,-200,-64,-75,-200,-200,-200,-200,-200,-200,-200,-200,-200,-200
J03,-200,-64,-80,-200,-200,-200,-200,-200,-200,-200,-200,-200,-200
J03,-200,-63,-200,-200,-200,-200,-200,-200,-200,-200,-200,-200,-200
J03,-200,-65,-200,-200,-200,-200,-200,-200,-200,-200,-200,-200,-200
J03,-200,-64,-200,-200,-200,-200,-200,-200,-200,-200,-200,-200,-200
J03,-200,-78,-81,-200,-200,-200,-200,-200,-200,-200,-200,-200,-200
J03,-200,-76,-81,-200,-200,-200,-200,-200,-200,-200,-200,-200,-200
J03,-200,-66,-200,-200,-200,-200,-200,-200,-200,-200,-200,-200,-200
I03,-200,-68,-77,-200,-200,-200,-200,-200,-200,-200,-200,-200,-200
I03,-200,-70,-200,-200,-200,-200,-200,-200,-200,-200,-200,-200,-200
I03,-200,-74,-78,-200,-200,-200,-200,-200,-200,-200,-200,-200,-200
I03,-200,-72,-200,-200,-200,-200,-200,-200,-200,-200,-200,-200,-200
I03,-200,-68,-200,-200,-200,-200,-200,-200,-200,-200,-200,-200,-200
I03,-200,-75,-79,-200,-200,-200,-200,-200,-200,-200,-200,-200,-200
I03,-200,-75,-78,-200,-200,-200,-200,-200,-200,-200,-200,-200,-200
I03,-200,-74,-79,-200,-200,-200,-200,-200,-200,-200,-200,-200,-200
U02,-200,-200,-200,-76,-200,-200,-200,-200,-200,-200,-200,-200,-200
U02,-200,-200,-200,-74,-200,-200,-200,-200,-200,-200,-200,-200,-200
U02,-200,-200,-200,-76,-200,-200,-200,-200,-200,-200,-200,-200,-200
U02,-200,-200,-200,-75,-200,-200,-200,-200,-200,-200,-200,-200,-200
U02,-200,-200,-200,-75,-200,-200,-200,-200,-200,-200,-200,-200,-200
U02,-200,-200,-200,-77,-200,-200,-200,-200,-200,-200,-200,-200,-200
U02,-200,-200,-200,-77,-200,-200,-200,-200,-200,-200,-200,-200,-200
U01,-200,-200,-200,-79,-200,-200,-200,-200,-200,-200,-200,-200,-200
U01,-200,-200,-200,-81,-200,-200,-200,-200,-200,-200,-200,-200,-200
U01,-200,-200,-87,-81,-200,-200,-200,-200,-200,-200,-200,-200,-200
U01,-200,-200,-200,-80,-200,-200,-200,-200,-200,-200,-200,-200,-200
U02,-200,-87,-200,-200,-200,-200,-200,-200,-200,-200,-200,-200,-200
T01,-200,-200,-200,-80,-200,-200,-200,-200,-200,-200,-200,-200,-200
T01,-200,-200,-200,-79,-200,-200,-200,-200,-200,-200,-200,-200,-200
S02,-200,-200,-200,-78,-200,-200,-200,-200,-200,-200,-200,-200,-200
S02,-200,-200,-200,-74,-200,-200,-200,-200,-200,-200,-200,-200,-200
S02,-200,-200,-200,-75,-200,-200,-200,-200,-200,-200,-200,-200,-200
S02,-200,-200,-200,-76,-200,-200,-200,-200,-200,-200,-200,-200,-200
S02,-200,-200,-200,-71,-200,-200,-200,-200,-200,-200,-200,-200,-200
S02,-200,-200,-200,-74,-200,-200,-200,-200,-200,-200,-200,-200,-200
S02,-200,-200,-200,-72,-200,-200,-200,-200,-200,-200,-200,-200,-200
S01,-200,-200,-200,-79,-200,-200,-200,-200,-200,-200,-200,-200,-200
S01,-200,-200,-200,-78,-200,-200,-200,-200,-200,-200,-200,-200,-200
S01,-200,-200,-200,-77,-200,-200,-200,-200,-200,-200,-200,-200,-200
S01,-200,-200,-200,-78,-200,-200,-200,-200,-200,-200,-200,-200,-200
S01,-200,-200,-200,-78,-200,-200,-200,-200,-200,-200,-200,-200,-200
S01,-200,-200,-200,-74,-200,-200,-200,-200,-200,-200,-200,-200,-200
S01,-200,-200,-200,-73,-200,-200,-200,-200,-200,-200,-200,-200,-200
S01,-200,-200,-200,-76,-200,-200,-200,-200,-200,-200,-200,-200,-200
S01,-200,-200,-200,-76,-200,-200,-200,-200,-200,-200,-200,-200,-200
S01,-200,-200,-200,-77,-200,-200,-200,-200,-200,-200,-200,-200,-200
S01,-200,-200,-200,-74,-200,-200,-200,-200,-200,-200,-200,-200,-200
R02,-200,-200,-200,-69,-200,-200,-200,-200,-200,-200,-200,-200,-200
R02,-200,-200,-200,-70,-200,-200,-200,-200,-200,-200,-200,-200,-200
R02,-200,-200,-200,-78,-200,-200,-200,-200,-200,-200,-200,-200,-200
R02,-200,-200,-200,-72,-200,-200,-200,-200,-200,-200,-200,-200,-200
R02,-200,-200,-200,-76,-200,-200,-200,-200,-200,-200,-200,-200,-200
R02,-200,-200,-200,-74,-200,-200,-200,-200,-200,-200,-200,-200,-200
R02,-200,-200,-200,-78,-200,-200,-200,-200,-200,-200,-200,-200,-200
R02,-200,-200,-200,-76,-200,-200,-200,-200,-200,-200,-200,-200,-200
R02,-200,-200,-200,-78,-200,-200,-200,-200,-200,-200,-200,-200,-200
R01,-200,-200,-200,-78,-200,-200,-200,-200,-200,-200,-200,-200,-200
R01,-200,-200,-200,-81,-200,-200,-200,-200,-200,-200,-200,-200,-200
R01,-200,-200,-200,-78,-200,-200,-200,-200,-200,-200,-200,-200,-200
R01,-200,-200,-200,-80,-200,-200,-200,-200,-200,-200,-200,-200,-200
R01,-200,-200,-200,-75,-200,-200,-200,-200,-200,-200,-200,-200,-200
R01,-200,-200,-200,-75,-200,-200,-200,-200,-200,-200,-200,-200,-200
R01,-200,-200,-200,-79,-200,-200,-200,-200,-200,-200,-200,-200,-200
R01,-200,-200,-200,-78,-200,-200,-200,-200,-200,-200,-200,-200,-200
R01,-200,-200,-200,-78,-200,-200,-200,-200,-200,-200,-200,-200,-200
Q02,-200,-200,-200,-73,-200,-200,-200,-200,-200,-200,-200,-200,-200
Q02,-200,-200,-200,-74,-200,-200,-200,-200,-200,-200,-200,-200,-200
Q02,-200,-200,-80,-200,-200,-200,-200,-200,-200,-200,-200,-200,-200
Q02,-200,-200,-200,-71,-200,-200,-200,-200,-200,-200,-200,-200,-200
Q01,-200,-200,-78,-78,-200,-200,-200,-200,-200,-200,-200,-200,-200
Q01,-200,-200,-77,-77,-200,-200,-200,-200,-200,-200,-200,-200,-200
Q01,-200,-200,-81,-77,-200,-200,-200,-200,-200,-200,-200,-200,-200
Q01,-200,-200,-76,-77,-200,-200,-200,-200,-200,-200,-200,-200,-200
Q01,-200,-200,-200,-78,-200,-200,-200,-200,-200,-200,-200,-200,-200
Q01,-200,-200,-200,-80,-200,-200,-200,-200,-200,-200,-200,-200,-200
P02,-200,-81,-200,-200,-200,-200,-200,-200,-200,-200,-200,-200,-200
P02,-200,-200,-81,-200,-200,-200,-200,-200,-200,-200,-200,-200,-200
P02,-200,-200,-78,-200,-200,-200,-200,-200,-200,-200,-200,-200,-200
P02,-200,-200,-81,-200,-200,-200,-200,-200,-200,-200,-200,-200,-200
P02,-200,-200,-85,-200,-200,-200,-200,-200,-200,-200,-200,-200,-200
P01,-200,-200,-79,-200,-200,-78,-200,-200,-200,-200,-200,-200,-200
P01,-200,-200,-81,-200,-200,-200,-200,-200,-200,-200,-200,-200,-200
P01,-200,-200,-200,-200,-200,-78,-200,-200,-200,-200,-200,-200,-200
P01,-200,-200,-200,-200,-200,-78,-200,-200,-200,-200,-200,-200,-200
P01,-200,-200,-200,-200,-200,-78,-200,-200,-200,-200,-200,-200,-200
P01,-200,-200,-81,-200,-200,-200,-200,-200,-200,-200,-200,-200,-200
P01,-200,-200,-200,-200,-200,-79,-200,-200,-200,-200,-200,-200,-200
O02,-200,-200,-200,-200,-200,-79,-200,-200,-200,-200,-200,-200,-200
O02,-200,-200,-200,-200,-200,-78,-200,-200,-200,-200,-200,-200,-200
O02,-200,-200,-76,-200,-79,-78,-200,-200,-200,-200,-200,-200,-200
O02,-200,-200,-200,-200,-80,-200,-200,-200,-200,-200,-200,-200,-200
O02,-200,-200,-200,-200,-200,-81,-200,-200,-200,-200,-200,-200,-200
O01,-200,-200,-200,-200,-200,-78,-200,-200,-200,-200,-200,-200,-200
N02,-200,-200,-78,-200,-200,-78,-200,-200,-200,-200,-200,-200,-200
N02,-200,-200,-71,-200,-200,-77,-200,-200,-200,-200,-200,-200,-200
N02,-200,-200,-200,-200,-200,-77,-200,-200,-200,-200,-200,-200,-200
N02,-200,-200,-77,-200,-200,-78,-200,-200,-200,-200,-200,-200,-200
N02,-200,-200,-75,-200,-200,-75,-200,-200,-200,-200,-200,-200,-200
N02,-200,-200,-78,-200,-200,-78,-200,-200,-200,-200,-200,-200,-200
N01,-200,-200,-76,-200,-200,-200,-200,-200,-200,-200,-200,-200,-200
N01,-200,-200,-78,-200,-200,-73,-200,-200,-200,-200,-200,-200,-200
N01,-200,-200,-200,-200,-200,-73,-200,-200,-200,-200,-200,-200,-200
N01,-200,-81,-78,-200,-200,-74,-200,-200,-200,-200,-200,-200,-200
N01,-200,-200,-80,-200,-200,-200,-200,-200,-200,-200,-200,-200,-200
N01,-200,-200,-200,-200,-200,-79,-200,-200,-200,-200,-200,-200,-200
M02,-200,-200,-77,-200,-200,-200,-200,-200,-200,-200,-200,-200,-200
M02,-200,-200,-74,-200,-200,-76,-200,-200,-200,-200,-200,-200,-200
M02,-200,-200,-79,-200,-200,-200,-200,-200,-200,-200,-200,-200,-200
M02,-200,-200,-200,-200,-200,-75,-200,-200,-200,-200,-200,-200,-200
M02,-200,-200,-200,-200,-200,-76,-200,-200,-200,-200,-200,-200,-200
M02,-200,-200,-200,-200,-200,-76,-200,-200,-200,-200,-200,-200,-200
M02,-200,-200,-79,-200,-200,-78,-200,-200,-200,-200,-200,-200,-200
M01,-200,-200,-78,-200,-200,-200,-200,-200,-200,-200,-200,-200,-200
M01,-200,-200,-76,-200,-200,-200,-200,-200,-200,-200,-200,-200,-200
M01,-200,-200,-78,-200,-200,-200,-200,-200,-200,-200,-200,-200,-200
M01,-200,-200,-75,-200,-200,-80,-200,-200,-200,-200,-200,-200,-200
M01,-200,-200,-76,-200,-200,-200,-200,-200,-200,-200,-200,-200,-200
L02,-200,-200,-200,-200,-200,-80,-200,-200,-200,-200,-200,-200,-200
L02,-200,-200,-200,-200,-200,-80,-200,-200,-200,-200,-200,-200,-200
L02,-200,-200,-200,-200,-200,-79,-200,-200,-200,-200,-200,-200,-200
L01,-200,-81,-78,-200,-200,-200,-200,-200,-200,-200,-200,-200,-200
L01,-200,-200,-76,-200,-200,-200,-200,-200,-200,-200,-200,-200,-200
L01,-200,-200,-79,-200,-200,-80,-200,-200,-200,-200,-200,-200,-200
K02,-200,-79,-200,-200,-200,-200,-200,-200,-200,-200,-200,-200,-200
K02,-200,-81,-200,-200,-200,-200,-200,-200,-200,-200,-200,-200,-200
K02,-200,-84,-200,-200,-200,-200,-200,-200,-200,-200,-200,-200,-200
K01,-200,-200,-200,-200,-200,-79,-200,-200,-200,-200,-200,-200,-200
J02,-200,-68,-200,-200,-200,-200,-200,-200,-200,-200,-200,-200,-200
J02,-200,-75,-200,-200,-200,-200,-200,-200,-200,-200,-200,-200,-200
J02,-200,-73,-200,-200,-200,-200,-200,-200,-200,-200,-200,-200,-200
J02,-200,-72,-80,-200,-200,-200,-200,-200,-200,-200,-200,-200,-200
I02,-200,-74,-200,-200,-200,-200,-200,-200,-200,-200,-200,-200,-200
I02,-200,-67,-200,-200,-200,-200,-200,-200,-200,-200,-200,-200,-200
I02,-200,-66,-200,-200,-200,-200,-200,-200,-200,-200,-200,-200,-200
I02,-200,-66,-200,-200,-200,-200,-200,-200,-200,-200,-200,-200,-200
I02,-200,-67,-200,-200,-200,-200,-200,-200,-200,-200,-200,-200,-200
I02,-200,-65,-200,-200,-200,-200,-200,-200,-200,-200,-200,-200,-200
J01,-200,-79,-200,-200,-200,-80,-200,-200,-200,-200,-200,-200,-200
J01,-200,-66,-200,-200,-200,-200,-200,-200,-200,-200,-200,-200,-200
J01,-200,-200,-200,-200,-200,-79,-200,-200,-200,-200,-200,-200,-200
J01,-200,-68,-200,-200,-200,-200,-200,-200,-200,-200,-200,-200,-200
I01,-200,-70,-200,-200,-200,-200,-200,-200,-200,-200,-200,-200,-200
I01,-200,-76,-200,-200,-200,-200,-200,-200,-200,-200,-200,-200,-200
I01,-200,-72,-200,-200,-200,-200,-200,-200,-200,-200,-200,-200,-200
I01,-200,-67,-200,-200,-200,-200,-200,-200,-200,-200,-200,-200,-200
I01,-200,-79,-200,-200,-200,-200,-200,-200,-200,-200,-200,-200,-200
I01,-200,-75,-200,-200,-200,-200,-200,-200,-200,-200,-200,-200,-200
